x1,binchoice,x2,xavg,estim,subj
45.375,-1,41.625,43.5,44,1
47.5,1,38.625,43.0625,41,1
47.75,1,57.5,52.625,54,1
46.625,-1,38.375,42.5,40,1
47.25,-1,41.375,44.3125,45,1
52.25,1,39.25,45.75,46,1
54.75,1,47.25,51,55,1
53.25,1,58.75,56,60,1
44.25,-1,48.25,46.25,54,1
53.375,1,42,47.6875,57,1
54.625,1,58,56.3125,65,1
51.125,1,54.625,52.875,54,1
47.25,-1,54,50.625,48,1
51.25,1,58.875,55.0625,60,1
45.5,1,59.25,52.375,51,1
51.75,-1,45.5,48.625,51,1
53.75,1,53.125,53.4375,53,1
46.375,1,46.875,46.625,54,1
55.25,1,55.625,55.4375,61,1
47.5,1,51.375,49.4375,55,1
51.125,-1,57.625,54.375,63,1
53.625,1,46.625,50.125,59,1
55.375,1,47.125,51.25,56,1
47.25,1,44.75,46,60,1
52.875,1,62.5,57.6875,64,1
45.5,1,40.5,43,50,1
44.375,-1,37.625,41,61,1
54.125,1,53.5,53.8125,54,1
46.875,1,61.5,54.1875,58,1
48.625,1,38.125,43.375,52,1
48,1,52.25,50.125,53,1
54.375,1,54.375,54.375,54,1
47.625,1,59.375,53.5,51,1
51.75,1,55,53.375,58,1
44.625,-1,46.125,45.375,56,1
46,1,60.625,53.3125,54,1
54.25,1,53.75,54,49,1
54.625,1,50.875,52.75,60,1
50.75,-1,48.25,49.5,55,1
47.25,-1,59.125,53.1875,55,1
45.25,-1,46.875,46.0625,46,1
45.5,-1,57.125,51.3125,62,1
51.25,1,58.125,54.6875,58,1
45.75,1,50.375,48.0625,52,1
54,1,39.5,46.75,47,1
54.125,1,51.25,52.6875,53,1
46.125,1,59.75,52.9375,52,1
52.125,1,55.25,53.6875,57,1
48.125,1,57.125,52.625,61,1
55,1,41.25,48.125,47,1
48.375,-1,45,46.6875,41,1
44.375,1,50.125,47.25,53,1
48.25,1,44.625,46.4375,52,1
47.25,-1,59.875,53.5625,53,1
47.25,1,46.375,46.8125,53,1
46.625,-1,45.25,45.9375,57,1
47.875,-1,47.625,47.75,50,1
46.625,1,44.125,45.375,56,1
53.875,1,50.625,52.25,55,1
54,1,60.75,57.375,58,1
45.5,1,58.25,51.875,58,1
53.875,1,59.625,56.75,52,1
51.75,1,48.25,50,54,1
48.25,1,60.5,54.375,59,1
50.375,1,48,49.1875,48,1
44.875,1,54,49.4375,52,1
52.125,1,54,53.0625,54,1
54.375,1,52,53.1875,49,1
48.125,1,57.25,52.6875,59,1
55,1,61.125,58.0625,59,1
47.375,1,61.875,54.625,56,1
46.625,-1,61.625,54.125,60,1
46.125,-1,46.25,46.1875,57,1
45.875,1,46,45.9375,59,1
44.875,-1,60.875,52.875,68,1
54.375,1,52.5,53.4375,60,1
46.125,1,58.625,52.375,63,1
51.125,1,45.625,48.375,57,1
44.25,1,45.875,45.0625,49,1
50.5,1,62.25,56.375,57,1
51.75,1,60.5,56.125,54,1
55.25,1,55.375,55.3125,53,1
48.75,-1,44.375,46.5625,44,2
48.375,-1,47.875,48.125,57,2
45.375,-1,41.625,43.5,38,2
47.5,-1,38.625,43.0625,33,2
47.75,1,57.5,52.625,66,2
46.625,1,38.375,42.5,40,2
47.25,-1,41.375,44.3125,36,2
52.25,1,39.25,45.75,55,2
54.75,1,47.25,51,55,2
53.25,-1,58.75,56,47,2
44.25,1,48.25,46.25,54,2
53.375,1,42,47.6875,62,2
54.625,1,58,56.3125,68,2
51.125,-1,54.625,52.875,46,2
47.25,-1,54,50.625,50,2
51.25,1,58.875,55.0625,64,2
45.5,-1,59.25,52.375,54,2
51.75,1,45.5,48.625,47,2
53.75,1,53.125,53.4375,51,2
46.375,1,46.875,46.625,54,2
55.25,1,55.625,55.4375,59,2
47.5,1,51.375,49.4375,48,2
51.125,-1,57.625,54.375,53,2
53.625,1,46.625,50.125,48,2
55.375,1,47.125,51.25,55,2
47.25,1,44.75,46,46,2
52.875,1,62.5,57.6875,73,2
45.5,1,40.5,43,42,2
44.375,1,37.625,41,57,2
54.125,1,53.5,53.8125,54,2
46.875,-1,61.5,54.1875,55,2
48.625,-1,38.125,43.375,43,2
48,1,52.25,50.125,52,2
54.375,1,54.375,54.375,58,2
47.625,1,59.375,53.5,56,2
51.75,1,55,53.375,57,2
44.625,-1,46.125,45.375,34,2
46,-1,60.625,53.3125,58,2
54.25,1,53.75,54,62,2
54.625,1,50.875,52.75,46,2
50.75,1,48.25,49.5,53,2
47.25,-1,59.125,53.1875,54,2
45.25,-1,46.875,46.0625,46,2
45.5,-1,57.125,51.3125,56,2
51.25,-1,58.125,54.6875,48,2
45.75,1,50.375,48.0625,60,2
54,1,39.5,46.75,39,2
54.125,1,51.25,52.6875,51,2
46.125,-1,59.75,52.9375,50,2
52.125,1,55.25,53.6875,46,2
48.125,1,57.125,52.625,58,2
55,1,41.25,48.125,39,2
48.375,1,45,46.6875,55,2
44.375,1,50.125,47.25,62,2
48.25,1,44.625,46.4375,48,2
47.25,-1,59.875,53.5625,53,2
47.25,-1,46.375,46.8125,38,2
46.625,-1,45.25,45.9375,46,2
47.875,1,47.625,47.75,39,2
46.625,1,44.125,45.375,40,2
53.875,1,50.625,52.25,57,2
54,1,60.75,57.375,64,2
45.5,-1,58.25,51.875,58,2
53.875,-1,59.625,56.75,54,2
51.75,1,48.25,50,57,2
48.25,1,60.5,54.375,65,2
50.375,1,48,49.1875,52,2
44.875,1,54,49.4375,61,2
52.125,1,54,53.0625,47,2
54.375,1,52,53.1875,56,2
48.125,1,57.25,52.6875,62,2
55,-1,61.125,58.0625,67,2
47.375,1,61.875,54.625,56,2
46.625,-1,61.625,54.125,52,2
46.125,1,46.25,46.1875,38,2
45.875,-1,46,45.9375,46,2
44.875,-1,60.875,52.875,56,2
54.375,1,52.5,53.4375,57,2
46.125,1,58.625,52.375,54,2
51.125,1,45.625,48.375,44,2
44.25,-1,45.875,45.0625,38,2
50.5,-1,62.25,56.375,59,2
51.75,-1,60.5,56.125,66,2
55.25,1,55.375,55.3125,52,2
48.75,-1,44.375,46.5625,31,3
48.375,1,47.875,48.125,33,3
45.375,-1,41.625,43.5,39,3
47.5,1,38.625,43.0625,36,3
47.75,1,57.5,52.625,63,3
46.625,1,38.375,42.5,38,3
47.25,1,41.375,44.3125,44,3
52.25,1,39.25,45.75,47,3
54.75,-1,47.25,51,55,3
53.25,1,58.75,56,61,3
44.25,-1,48.25,46.25,57,3
53.375,1,42,47.6875,65,3
54.625,1,58,56.3125,58,3
51.125,1,54.625,52.875,47,3
47.25,-1,54,50.625,45,3
51.25,-1,58.875,55.0625,65,3
45.5,1,59.25,52.375,61,3
51.75,1,45.5,48.625,55,3
53.75,1,53.125,53.4375,40,3
46.375,1,46.875,46.625,43,3
55.25,1,55.625,55.4375,33,3
47.5,-1,51.375,49.4375,48,3
51.125,-1,57.625,54.375,56,3
53.625,1,46.625,50.125,45,3
55.375,1,47.125,51.25,59,3
47.25,-1,44.75,46,47,3
52.875,1,62.5,57.6875,53,3
45.5,1,40.5,43,42,3
44.375,1,37.625,41,38,3
54.125,1,53.5,53.8125,62,3
46.875,1,61.5,54.1875,54,3
48.625,1,38.125,43.375,32,3
48,1,52.25,50.125,48,3
54.375,1,54.375,54.375,64,3
47.625,1,59.375,53.5,65,3
51.75,1,55,53.375,36,3
44.625,-1,46.125,45.375,55,3
46,-1,60.625,53.3125,49,3
54.25,1,53.75,54,43,3
54.625,1,50.875,52.75,37,3
50.75,1,48.25,49.5,45,3
47.25,1,59.125,53.1875,54,3
45.25,-1,46.875,46.0625,46,3
45.5,-1,57.125,51.3125,38,3
51.25,1,58.125,54.6875,39,3
45.75,1,50.375,48.0625,48,3
54,1,39.5,46.75,41,3
54.125,1,51.25,52.6875,56,3
46.125,-1,59.75,52.9375,54,3
52.125,1,55.25,53.6875,59,3
48.125,1,57.125,52.625,55,3
55,1,41.25,48.125,29,3
48.375,1,45,46.6875,39,3
44.375,-1,50.125,47.25,44,3
48.25,1,44.625,46.4375,58,3
47.25,1,59.875,53.5625,55,3
47.25,-1,46.375,46.8125,39,3
46.625,-1,45.25,45.9375,33,3
47.875,1,47.625,47.75,54,3
46.625,-1,44.125,45.375,29,3
53.875,-1,50.625,52.25,52,3
54,1,60.75,57.375,46,3
45.5,-1,58.25,51.875,37,3
53.875,-1,59.625,56.75,50,3
51.75,-1,48.25,50,43,3
48.25,-1,60.5,54.375,44,3
50.375,-1,48,49.1875,49,3
44.875,-1,54,49.4375,46,3
52.125,-1,54,53.0625,66,3
54.375,1,52,53.1875,35,3
48.125,-1,57.25,52.6875,43,3
55,-1,61.125,58.0625,54,3
47.375,1,61.875,54.625,38,3
46.625,-1,61.625,54.125,47,3
46.125,-1,46.25,46.1875,43,3
45.875,-1,46,45.9375,32,3
44.875,-1,60.875,52.875,48,3
54.375,1,52.5,53.4375,50,3
51.125,-1,45.625,48.375,27,3
44.25,-1,45.875,45.0625,27,3
50.5,-1,62.25,56.375,53,3
51.75,-1,60.5,56.125,53,3
55.25,1,55.375,55.3125,50,3
48.75,-1,44.375,46.5625,44,4
48.375,-1,47.875,48.125,62,4
45.375,-1,41.625,43.5,51,4
47.5,-1,38.625,43.0625,41,4
47.75,-1,57.5,52.625,62,4
46.625,-1,38.375,42.5,35,4
47.25,1,41.375,44.3125,57,4
52.25,1,39.25,45.75,57,4
54.75,1,47.25,51,57,4
53.25,-1,58.75,56,59,4
44.25,-1,48.25,46.25,43,4
53.375,1,42,47.6875,55,4
54.625,1,58,56.3125,58,4
51.125,1,54.625,52.875,54,4
47.25,-1,54,50.625,61,4
51.25,-1,58.875,55.0625,63,4
45.5,-1,59.25,52.375,58,4
51.75,1,45.5,48.625,48,4
53.75,1,53.125,53.4375,56,4
46.375,-1,46.875,46.625,52,4
55.25,1,55.625,55.4375,38,4
47.5,1,51.375,49.4375,36,4
51.125,-1,57.625,54.375,61,4
53.625,1,46.625,50.125,53,4
55.375,1,47.125,51.25,49,4
47.25,-1,44.75,46,41,4
52.875,1,62.5,57.6875,60,4
45.5,-1,40.5,43,44,4
44.375,-1,37.625,41,36,4
54.125,1,53.5,53.8125,50,4
46.875,-1,61.5,54.1875,55,4
48.625,-1,38.125,43.375,48,4
48,1,52.25,50.125,54,4
54.375,1,54.375,54.375,57,4
47.625,-1,59.375,53.5,58,4
51.75,1,55,53.375,53,4
44.625,1,46.125,45.375,44,4
46,-1,60.625,53.3125,53,4
54.25,1,53.75,54,56,4
54.625,1,50.875,52.75,48,4
50.75,1,48.25,49.5,49,4
47.25,-1,59.125,53.1875,51,4
45.25,-1,46.875,46.0625,44,4
45.5,1,57.125,51.3125,57,4
51.25,1,58.125,54.6875,60,4
45.75,-1,50.375,48.0625,44,4
54,1,39.5,46.75,42,4
54.125,1,51.25,52.6875,52,4
46.125,1,59.75,52.9375,55,4
52.125,1,55.25,53.6875,48,4
48.125,-1,57.125,52.625,44,4
55,1,41.25,48.125,58,4
48.375,-1,45,46.6875,41,4
44.375,-1,50.125,47.25,48,4
48.25,-1,44.625,46.4375,42,4
47.25,-1,59.875,53.5625,55,4
47.25,1,46.375,46.8125,47,4
46.625,-1,45.25,45.9375,39,4
47.875,1,47.625,47.75,53,4
46.625,-1,44.125,45.375,43,4
53.875,1,50.625,52.25,55,4
54,1,60.75,57.375,55,4
45.5,1,58.25,51.875,48,4
53.875,1,59.625,56.75,51,4
51.75,-1,48.25,50,46,4
48.25,-1,60.5,54.375,57,4
50.375,1,48,49.1875,55,4
44.875,-1,54,49.4375,46,4
52.125,1,54,53.0625,53,4
54.375,1,52,53.1875,54,4
48.125,-1,57.25,52.6875,52,4
55,-1,61.125,58.0625,45,4
47.375,-1,61.875,54.625,56,4
46.625,-1,61.625,54.125,54,4
46.125,1,46.25,46.1875,46,4
45.875,-1,46,45.9375,44,4
44.875,-1,60.875,52.875,56,4
54.375,1,52.5,53.4375,46,4
46.125,-1,58.625,52.375,52,4
51.125,-1,45.625,48.375,46,4
44.25,1,45.875,45.0625,50,4
50.5,1,62.25,56.375,53,4
51.75,1,60.5,56.125,55,4
55.25,1,55.375,55.3125,59,4
48.75,-1,44.375,46.5625,45,5
48.375,1,47.875,48.125,47,5
45.375,1,41.625,43.5,51,5
47.5,-1,38.625,43.0625,38,5
47.75,-1,57.5,52.625,58,5
46.625,-1,38.375,42.5,40,5
47.25,-1,41.375,44.3125,38,5
52.25,1,39.25,45.75,53,5
54.75,1,47.25,51,54,5
53.25,-1,58.75,56,56,5
44.25,-1,48.25,46.25,39,5
53.375,-1,42,47.6875,40,5
54.625,1,58,56.3125,54,5
51.125,1,54.625,52.875,60,5
47.25,-1,54,50.625,49,5
51.25,1,58.875,55.0625,47,5
45.5,-1,59.25,52.375,49,5
51.75,-1,45.5,48.625,38,5
53.75,1,53.125,53.4375,49,5
46.375,-1,46.875,46.625,48,5
55.25,1,55.625,55.4375,57,5
47.5,-1,51.375,49.4375,52,5
51.125,-1,57.625,54.375,57,5
53.625,1,46.625,50.125,55,5
55.375,1,47.125,51.25,48,5
47.25,-1,44.75,46,44,5
52.875,1,62.5,57.6875,53,5
45.5,-1,40.5,43,36,5
44.375,1,37.625,41,53,5
54.125,1,53.5,53.8125,45,5
46.875,-1,61.5,54.1875,50,5
48.625,1,38.125,43.375,45,5
48,-1,52.25,50.125,52,5
54.375,1,54.375,54.375,42,5
47.625,1,59.375,53.5,58,5
51.75,-1,55,53.375,44,5
44.625,-1,46.125,45.375,43,5
46,-1,60.625,53.3125,44,5
54.25,1,53.75,54,49,5
54.625,1,50.875,52.75,48,5
50.75,-1,48.25,49.5,47,5
47.25,-1,59.125,53.1875,36,5
45.25,-1,46.875,46.0625,40,5
45.5,-1,57.125,51.3125,58,5
51.25,1,58.125,54.6875,59,5
45.75,-1,50.375,48.0625,44,5
54,1,39.5,46.75,51,5
54.125,1,51.25,52.6875,56,5
46.125,1,59.75,52.9375,54,5
52.125,1,55.25,53.6875,53,5
48.125,1,57.125,52.625,57,5
55,1,41.25,48.125,55,5
48.375,1,45,46.6875,46,5
44.375,-1,50.125,47.25,49,5
48.25,1,44.625,46.4375,48,5
47.25,-1,59.875,53.5625,59,5
47.25,1,46.375,46.8125,58,5
46.625,-1,45.25,45.9375,48,5
47.875,-1,47.625,47.75,48,5
46.625,1,44.125,45.375,43,5
53.875,1,50.625,52.25,43,5
54,1,60.75,57.375,50,5
45.5,-1,58.25,51.875,57,5
53.875,1,59.625,56.75,63,5
51.75,-1,48.25,50,50,5
48.25,-1,60.5,54.375,54,5
50.375,1,48,49.1875,45,5
44.875,1,54,49.4375,58,5
52.125,1,54,53.0625,48,5
54.375,1,52,53.1875,59,5
48.125,-1,57.25,52.6875,57,5
55,1,61.125,58.0625,57,5
47.375,1,61.875,54.625,58,5
46.625,-1,61.625,54.125,53,5
46.125,1,46.25,46.1875,52,5
45.875,-1,46,45.9375,44,5
44.875,-1,60.875,52.875,55,5
54.375,1,52.5,53.4375,55,5
46.125,1,58.625,52.375,58,5
51.125,-1,45.625,48.375,44,5
44.25,-1,45.875,45.0625,48,5
50.5,-1,62.25,56.375,44,5
51.75,-1,60.5,56.125,41,5
55.25,1,55.375,55.3125,57,5
48.75,1,44.375,46.5625,52,6
48.375,1,47.875,48.125,58,6
45.375,-1,41.625,43.5,44,6
47.5,-1,38.625,43.0625,61,6
47.75,1,57.5,52.625,59,6
46.625,1,38.375,42.5,44,6
52.25,1,39.25,45.75,48,6
54.75,1,47.25,51,57,6
53.25,-1,58.75,56,51,6
44.25,1,48.25,46.25,65,6
53.375,1,42,47.6875,57,6
54.625,1,58,56.3125,61,6
51.125,1,54.625,52.875,51,6
47.25,-1,54,50.625,50,6
51.25,1,58.875,55.0625,58,6
45.5,1,59.25,52.375,52,6
51.75,-1,45.5,48.625,48,6
53.75,1,53.125,53.4375,49,6
46.375,1,46.875,46.625,51,6
55.25,1,55.625,55.4375,63,6
47.5,1,51.375,49.4375,53,6
51.125,-1,57.625,54.375,51,6
53.625,1,46.625,50.125,47,6
55.375,1,47.125,51.25,60,6
47.25,1,44.75,46,53,6
52.875,1,62.5,57.6875,52,6
45.5,1,40.5,43,45,6
44.375,1,37.625,41,47,6
54.125,1,53.5,53.8125,58,6
46.875,-1,61.5,54.1875,54,6
48.625,1,38.125,43.375,49,6
48,1,52.25,50.125,51,6
54.375,-1,54.375,54.375,49,6
47.625,1,59.375,53.5,49,6
51.75,-1,55,53.375,49,6
44.625,-1,46.125,45.375,48,6
46,1,60.625,53.3125,56,6
54.25,1,53.75,54,54,6
54.625,-1,50.875,52.75,47,6
50.75,1,48.25,49.5,53,6
47.25,1,59.125,53.1875,49,6
45.25,1,46.875,46.0625,58,6
45.5,-1,57.125,51.3125,51,6
51.25,1,58.125,54.6875,53,6
45.75,1,50.375,48.0625,57,6
54,1,39.5,46.75,50,6
54.125,1,51.25,52.6875,56,6
46.125,-1,59.75,52.9375,58,6
52.125,1,55.25,53.6875,52,6
48.125,-1,57.125,52.625,55,6
55,1,41.25,48.125,54,6
48.375,1,45,46.6875,51,6
44.375,1,50.125,47.25,49,6
48.25,1,44.625,46.4375,54,6
47.25,-1,59.875,53.5625,50,6
47.25,1,46.375,46.8125,49,6
46.625,1,45.25,45.9375,47,6
47.875,1,47.625,47.75,49,6
46.625,1,44.125,45.375,51,6
53.875,-1,50.625,52.25,38,6
54,1,60.75,57.375,59,6
45.5,-1,58.25,51.875,60,6
53.875,-1,59.625,56.75,53,6
51.75,-1,48.25,50,48,6
48.25,-1,60.5,54.375,54,6
50.375,1,48,49.1875,48,6
44.875,-1,54,49.4375,51,6
52.125,1,54,53.0625,48,6
54.375,1,52,53.1875,43,6
48.125,1,57.25,52.6875,53,6
55,1,61.125,58.0625,64,6
47.375,1,61.875,54.625,55,6
46.625,-1,61.625,54.125,48,6
46.125,-1,46.25,46.1875,51,6
45.875,-1,46,45.9375,50,6
44.875,-1,60.875,52.875,56,6
54.375,-1,52.5,53.4375,59,6
46.125,1,58.625,52.375,57,6
51.125,-1,45.625,48.375,42,6
44.25,-1,45.875,45.0625,51,6
50.5,1,62.25,56.375,60,6
51.75,1,60.5,56.125,54,6
55.25,1,55.375,55.3125,51,6
48.75,1,44.375,46.5625,70,7
48.375,-1,47.875,48.125,56,7
45.375,1,41.625,43.5,60,7
47.5,-1,38.625,43.0625,43,7
47.75,1,57.5,52.625,66,7
46.625,-1,38.375,42.5,41,7
47.25,-1,41.375,44.3125,49,7
52.25,1,39.25,45.75,54,7
54.75,1,47.25,51,50,7
53.25,1,58.75,56,61,7
44.25,-1,48.25,46.25,33,7
53.375,1,42,47.6875,59,7
54.625,1,58,56.3125,59,7
51.125,-1,54.625,52.875,46,7
47.25,-1,54,50.625,53,7
51.25,1,58.875,55.0625,54,7
45.5,-1,59.25,52.375,50,7
51.75,-1,45.5,48.625,41,7
53.75,1,53.125,53.4375,55,7
46.375,-1,46.875,46.625,49,7
55.25,1,55.625,55.4375,58,7
47.5,1,51.375,49.4375,60,7
51.125,-1,57.625,54.375,50,7
53.625,1,46.625,50.125,61,7
55.375,1,47.125,51.25,52,7
47.25,1,44.75,46,44,7
52.875,1,62.5,57.6875,66,7
45.5,-1,40.5,43,48,7
44.375,-1,37.625,41,39,7
54.125,1,53.5,53.8125,51,7
46.875,-1,61.5,54.1875,44,7
48.625,-1,38.125,43.375,42,7
48,1,52.25,50.125,56,7
54.375,1,54.375,54.375,56,7
47.625,1,59.375,53.5,57,7
51.75,-1,55,53.375,42,7
44.625,-1,46.125,45.375,43,7
46,1,60.625,53.3125,55,7
54.25,1,53.75,54,55,7
54.625,1,50.875,52.75,63,7
50.75,-1,48.25,49.5,52,7
47.25,-1,59.125,53.1875,59,7
45.25,-1,46.875,46.0625,48,7
45.5,1,57.125,51.3125,48,7
51.25,1,58.125,54.6875,44,7
45.75,1,50.375,48.0625,45,7
54,-1,39.5,46.75,36,7
54.125,1,51.25,52.6875,64,7
46.125,1,59.75,52.9375,53,7
52.125,1,55.25,53.6875,59,7
48.125,1,57.125,52.625,53,7
55,1,41.25,48.125,46,7
48.375,1,45,46.6875,62,7
44.375,1,50.125,47.25,58,7
48.25,-1,44.625,46.4375,40,7
47.25,-1,59.875,53.5625,39,7
47.25,1,46.375,46.8125,48,7
46.625,-1,45.25,45.9375,41,7
47.875,-1,47.625,47.75,53,7
46.625,1,44.125,45.375,57,7
53.875,1,50.625,52.25,54,7
54,1,60.75,57.375,60,7
45.5,-1,58.25,51.875,38,7
53.875,1,59.625,56.75,56,7
51.75,1,48.25,50,44,7
48.25,-1,60.5,54.375,48,7
50.375,1,48,49.1875,63,7
44.875,-1,54,49.4375,44,7
52.125,1,54,53.0625,54,7
54.375,1,52,53.1875,49,7
48.125,1,57.25,52.6875,53,7
55,-1,61.125,58.0625,47,7
47.375,-1,61.875,54.625,60,7
46.625,-1,61.625,54.125,51,7
46.125,-1,46.25,46.1875,46,7
45.875,-1,46,45.9375,44,7
44.875,-1,60.875,52.875,43,7
54.375,1,52.5,53.4375,58,7
46.125,1,58.625,52.375,60,7
51.125,-1,45.625,48.375,50,7
44.25,1,45.875,45.0625,51,7
50.5,1,62.25,56.375,45,7
51.75,1,60.5,56.125,60,7
55.25,1,55.375,55.3125,51,7
48.75,-1,44.375,46.5625,36,8
48.375,1,47.875,48.125,45,8
45.375,-1,41.625,43.5,35,8
47.5,-1,38.625,43.0625,50,8
47.75,1,57.5,52.625,56,8
46.625,-1,38.375,42.5,33,8
47.25,-1,41.375,44.3125,40,8
52.25,1,39.25,45.75,55,8
54.75,1,47.25,51,47,8
53.25,-1,58.75,56,52,8
44.25,-1,48.25,46.25,43,8
53.375,-1,42,47.6875,32,8
54.625,1,58,56.3125,61,8
51.125,-1,54.625,52.875,35,8
47.25,-1,54,50.625,37,8
51.25,-1,58.875,55.0625,42,8
45.5,-1,59.25,52.375,57,8
51.75,-1,45.5,48.625,33,8
53.75,1,53.125,53.4375,45,8
46.375,1,46.875,46.625,41,8
47.5,-1,51.375,49.4375,45,8
51.125,-1,57.625,54.375,55,8
53.625,1,46.625,50.125,55,8
55.375,-1,47.125,51.25,49,8
47.25,1,44.75,46,58,8
52.875,1,62.5,57.6875,60,8
45.5,-1,40.5,43,35,8
44.375,-1,37.625,41,34,8
54.125,-1,53.5,53.8125,50,8
46.875,-1,61.5,54.1875,46,8
48.625,-1,38.125,43.375,38,8
48,-1,52.25,50.125,49,8
54.375,1,54.375,54.375,53,8
47.625,-1,59.375,53.5,54,8
51.75,-1,55,53.375,40,8
44.625,-1,46.125,45.375,36,8
46,-1,60.625,53.3125,40,8
54.25,-1,53.75,54,43,8
54.625,1,50.875,52.75,42,8
50.75,1,48.25,49.5,44,8
47.25,-1,59.125,53.1875,58,8
45.25,-1,46.875,46.0625,41,8
45.5,-1,57.125,51.3125,52,8
51.25,-1,58.125,54.6875,47,8
45.75,1,50.375,48.0625,56,8
54,-1,39.5,46.75,40,8
54.125,1,51.25,52.6875,47,8
46.125,-1,59.75,52.9375,55,8
52.125,-1,55.25,53.6875,52,8
48.125,-1,57.125,52.625,56,8
55,1,41.25,48.125,59,8
48.375,1,45,46.6875,48,8
44.375,-1,50.125,47.25,51,8
48.25,-1,44.625,46.4375,44,8
47.25,1,59.875,53.5625,50,8
47.25,-1,46.375,46.8125,47,8
46.625,-1,45.25,45.9375,36,8
47.875,-1,47.625,47.75,45,8
46.625,1,44.125,45.375,43,8
53.875,1,50.625,52.25,40,8
54,-1,60.75,57.375,34,8
45.5,1,58.25,51.875,36,8
53.875,1,59.625,56.75,56,8
51.75,1,48.25,50,47,8
48.25,-1,60.5,54.375,32,8
50.375,1,48,49.1875,45,8
44.875,1,54,49.4375,55,8
52.125,-1,54,53.0625,47,8
54.375,1,52,53.1875,44,8
48.125,-1,57.25,52.6875,46,8
55,-1,61.125,58.0625,50,8
46.625,-1,61.625,54.125,55,8
46.125,-1,46.25,46.1875,48,8
45.875,-1,46,45.9375,43,8
44.875,1,60.875,52.875,48,8
54.375,1,52.5,53.4375,53,8
51.125,1,45.625,48.375,46,8
44.25,-1,45.875,45.0625,47,8
50.5,1,62.25,56.375,38,8
51.75,-1,60.5,56.125,45,8
55.25,1,55.375,55.3125,40,8
48.75,-1,44.375,46.5625,50,9
48.375,1,47.875,48.125,52,9
45.375,1,41.625,43.5,43,9
47.5,1,38.625,43.0625,41,9
47.75,-1,57.5,52.625,55,9
46.625,1,38.375,42.5,36,9
47.25,-1,41.375,44.3125,40,9
52.25,1,39.25,45.75,50,9
54.75,1,47.25,51,56,9
53.25,1,58.75,56,61,9
44.25,-1,48.25,46.25,58,9
53.375,1,42,47.6875,50,9
54.625,1,58,56.3125,60,9
51.125,1,54.625,52.875,50,9
47.25,-1,54,50.625,44,9
51.25,1,58.875,55.0625,61,9
45.5,-1,59.25,52.375,57,9
51.75,1,45.5,48.625,46,9
53.75,1,53.125,53.4375,56,9
46.375,-1,46.875,46.625,49,9
55.25,1,55.625,55.4375,66,9
47.5,1,51.375,49.4375,56,9
51.125,-1,57.625,54.375,59,9
53.625,1,46.625,50.125,58,9
55.375,1,47.125,51.25,60,9
47.25,-1,44.75,46,49,9
52.875,1,62.5,57.6875,60,9
45.5,-1,40.5,43,39,9
44.375,-1,37.625,41,36,9
54.125,1,53.5,53.8125,67,9
46.875,-1,61.5,54.1875,60,9
48.625,-1,38.125,43.375,42,9
48,-1,52.25,50.125,55,9
54.375,1,54.375,54.375,57,9
47.625,-1,59.375,53.5,55,9
51.75,-1,55,53.375,50,9
44.625,-1,46.125,45.375,46,9
46,1,60.625,53.3125,63,9
54.25,1,53.75,54,54,9
54.625,1,50.875,52.75,53,9
50.75,-1,48.25,49.5,50,9
47.25,-1,59.125,53.1875,44,9
45.25,-1,46.875,46.0625,44,9
45.5,-1,57.125,51.3125,60,9
51.25,1,58.125,54.6875,57,9
45.75,-1,50.375,48.0625,45,9
54,-1,39.5,46.75,45,9
54.125,1,51.25,52.6875,56,9
46.125,1,59.75,52.9375,62,9
52.125,1,55.25,53.6875,57,9
48.125,-1,57.125,52.625,57,9
55,1,41.25,48.125,54,9
48.375,-1,45,46.6875,48,9
44.375,-1,50.125,47.25,57,9
48.25,-1,44.625,46.4375,40,9
47.25,-1,59.875,53.5625,51,9
47.25,-1,46.375,46.8125,50,9
46.625,-1,45.25,45.9375,40,9
47.875,-1,47.625,47.75,50,9
46.625,-1,44.125,45.375,44,9
53.875,1,50.625,52.25,54,9
54,1,60.75,57.375,59,9
45.5,-1,58.25,51.875,50,9
53.875,1,59.625,56.75,54,9
51.75,1,48.25,50,58,9
48.25,1,60.5,54.375,62,9
50.375,1,48,49.1875,50,9
44.875,1,54,49.4375,59,9
52.125,1,54,53.0625,61,9
54.375,1,52,53.1875,52,9
48.125,-1,57.25,52.6875,49,9
55,1,61.125,58.0625,56,9
47.375,-1,61.875,54.625,56,9
46.625,-1,61.625,54.125,58,9
46.125,-1,46.25,46.1875,40,9
45.875,-1,46,45.9375,47,9
44.875,-1,60.875,52.875,63,9
54.375,1,52.5,53.4375,59,9
46.125,1,58.625,52.375,62,9
51.125,-1,45.625,48.375,49,9
44.25,1,45.875,45.0625,50,9
50.5,1,62.25,56.375,60,9
51.75,-1,60.5,56.125,56,9
55.25,1,55.375,55.3125,56,9
48.75,-1,44.375,46.5625,49,10
48.375,1,47.875,48.125,51,10
45.375,-1,41.625,43.5,41,10
47.5,-1,38.625,43.0625,48,10
47.75,1,57.5,52.625,52,10
46.625,-1,38.375,42.5,45,10
47.25,-1,41.375,44.3125,42,10
52.25,1,39.25,45.75,48,10
54.75,1,47.25,51,45,10
53.25,-1,58.75,56,52,10
44.25,-1,48.25,46.25,55,10
53.375,-1,42,47.6875,47,10
54.625,-1,58,56.3125,51,10
51.125,1,54.625,52.875,48,10
47.25,-1,54,50.625,53,10
51.25,-1,58.875,55.0625,52,10
45.5,-1,59.25,52.375,52,10
51.75,1,45.5,48.625,53,10
53.75,-1,53.125,53.4375,51,10
46.375,1,46.875,46.625,52,10
55.25,1,55.625,55.4375,55,10
47.5,-1,51.375,49.4375,48,10
51.125,1,57.625,54.375,57,10
53.625,1,46.625,50.125,46,10
55.375,1,47.125,51.25,53,10
47.25,1,44.75,46,54,10
52.875,-1,62.5,57.6875,53,10
45.5,-1,40.5,43,42,10
44.375,-1,37.625,41,53,10
54.125,-1,53.5,53.8125,52,10
46.875,-1,61.5,54.1875,53,10
48.625,-1,38.125,43.375,43,10
48,-1,52.25,50.125,49,10
54.375,1,54.375,54.375,48,10
47.625,-1,59.375,53.5,52,10
51.75,-1,55,53.375,46,10
44.625,-1,46.125,45.375,49,10
46,-1,60.625,53.3125,51,10
54.25,-1,53.75,54,48,10
54.625,1,50.875,52.75,52,10
50.75,1,48.25,49.5,52,10
47.25,-1,59.125,53.1875,51,10
45.25,-1,46.875,46.0625,45,10
45.5,-1,57.125,51.3125,49,10
51.25,1,58.125,54.6875,48,10
45.75,-1,50.375,48.0625,52,10
54,-1,39.5,46.75,46,10
54.125,-1,51.25,52.6875,51,10
46.125,-1,59.75,52.9375,51,10
52.125,1,55.25,53.6875,52,10
48.125,1,57.125,52.625,48,10
55,1,41.25,48.125,53,10
48.375,-1,45,46.6875,47,10
44.375,-1,50.125,47.25,48,10
48.25,1,44.625,46.4375,44,10
47.25,-1,59.875,53.5625,48,10
47.25,1,46.375,46.8125,48,10
46.625,1,45.25,45.9375,47,10
47.875,1,47.625,47.75,47,10
46.625,-1,44.125,45.375,46,10
53.875,1,50.625,52.25,48,10
54,1,60.75,57.375,54,10
45.5,-1,58.25,51.875,49,10
53.875,1,59.625,56.75,53,10
51.75,1,48.25,50,51,10
48.25,1,60.5,54.375,52,10
50.375,1,48,49.1875,51,10
44.875,1,54,49.4375,51,10
52.125,-1,54,53.0625,48,10
54.375,1,52,53.1875,47,10
48.125,1,57.25,52.6875,52,10
55,1,61.125,58.0625,51,10
47.375,1,61.875,54.625,56,10
46.625,-1,61.625,54.125,49,10
46.125,-1,46.25,46.1875,47,10
45.875,-1,46,45.9375,47,10
44.875,1,60.875,52.875,51,10
54.375,1,52.5,53.4375,52,10
46.125,1,58.625,52.375,48,10
51.125,-1,45.625,48.375,47,10
44.25,-1,45.875,45.0625,48,10
50.5,-1,62.25,56.375,51,10
51.75,-1,60.5,56.125,51,10
55.25,1,55.375,55.3125,47,10
48.75,-1,44.375,46.5625,42,11
48.375,-1,47.875,48.125,46,11
45.375,-1,41.625,43.5,33,11
47.5,-1,38.625,43.0625,39,11
47.75,-1,57.5,52.625,49,11
46.625,-1,38.375,42.5,50,11
47.25,1,41.375,44.3125,53,11
52.25,1,39.25,45.75,47,11
54.75,-1,47.25,51,51,11
53.25,-1,58.75,56,52,11
44.25,-1,48.25,46.25,39,11
53.375,-1,42,47.6875,44,11
54.625,1,58,56.3125,57,11
51.125,-1,54.625,52.875,50,11
47.25,-1,54,50.625,47,11
51.25,1,58.875,55.0625,63,11
45.5,-1,59.25,52.375,54,11
51.75,-1,45.5,48.625,44,11
53.75,-1,53.125,53.4375,53,11
46.375,-1,46.875,46.625,41,11
55.25,-1,55.625,55.4375,49,11
47.5,-1,51.375,49.4375,51,11
51.125,-1,57.625,54.375,52,11
53.625,1,46.625,50.125,55,11
55.375,1,47.125,51.25,54,11
47.25,-1,44.75,46,40,11
52.875,-1,62.5,57.6875,49,11
45.5,-1,40.5,43,33,11
44.375,-1,37.625,41,47,11
54.125,1,53.5,53.8125,51,11
46.875,-1,61.5,54.1875,52,11
48.625,-1,38.125,43.375,36,11
48,1,52.25,50.125,57,11
54.375,1,54.375,54.375,52,11
47.625,-1,59.375,53.5,49,11
51.75,-1,55,53.375,50,11
44.625,-1,46.125,45.375,44,11
46,-1,60.625,53.3125,52,11
54.25,1,53.75,54,57,11
54.625,-1,50.875,52.75,51,11
50.75,-1,48.25,49.5,49,11
47.25,-1,59.125,53.1875,53,11
45.25,-1,46.875,46.0625,48,11
45.5,-1,57.125,51.3125,48,11
51.25,-1,58.125,54.6875,52,11
45.75,-1,50.375,48.0625,42,11
54,-1,39.5,46.75,35,11
54.125,-1,51.25,52.6875,40,11
46.125,-1,59.75,52.9375,52,11
52.125,-1,55.25,53.6875,50,11
48.125,-1,57.125,52.625,53,11
55,1,41.25,48.125,52,11
48.375,-1,45,46.6875,48,11
44.375,-1,50.125,47.25,37,11
48.25,-1,44.625,46.4375,42,11
47.25,-1,59.875,53.5625,51,11
47.25,1,46.375,46.8125,48,11
46.625,1,45.25,45.9375,53,11
47.875,-1,47.625,47.75,45,11
46.625,1,44.125,45.375,48,11
53.875,-1,50.625,52.25,44,11
54,1,60.75,57.375,61,11
45.5,-1,58.25,51.875,49,11
53.875,1,59.625,56.75,59,11
51.75,-1,48.25,50,49,11
48.25,-1,60.5,54.375,54,11
50.375,1,48,49.1875,46,11
44.875,-1,54,49.4375,54,11
52.125,1,54,53.0625,50,11
54.375,-1,52,53.1875,54,11
48.125,-1,57.25,52.6875,46,11
55,-1,61.125,58.0625,50,11
47.375,-1,61.875,54.625,49,11
46.625,-1,61.625,54.125,57,11
46.125,-1,46.25,46.1875,37,11
45.875,-1,46,45.9375,43,11
44.875,1,60.875,52.875,59,11
54.375,1,52.5,53.4375,52,11
46.125,-1,58.625,52.375,53,11
51.125,1,45.625,48.375,51,11
44.25,-1,45.875,45.0625,44,11
50.5,-1,62.25,56.375,50,11
51.75,1,60.5,56.125,57,11
55.25,1,55.375,55.3125,54,11
48.75,1,44.375,46.5625,48,12
48.375,-1,47.875,48.125,47,12
45.375,-1,41.625,43.5,37,12
47.5,-1,38.625,43.0625,51,12
47.75,1,57.5,52.625,61,12
46.625,1,38.375,42.5,47,12
47.25,1,41.375,44.3125,48,12
52.25,1,39.25,45.75,47,12
54.75,1,47.25,51,51,12
53.25,-1,58.75,56,51,12
44.25,-1,48.25,46.25,44,12
53.375,-1,42,47.6875,39,12
54.625,1,58,56.3125,52,12
51.125,-1,54.625,52.875,48,12
47.25,1,54,50.625,46,12
51.25,1,58.875,55.0625,62,12
45.5,-1,59.25,52.375,46,12
51.75,1,45.5,48.625,53,12
53.75,-1,53.125,53.4375,38,12
46.375,-1,46.875,46.625,62,12
55.25,1,55.625,55.4375,52,12
47.5,-1,51.375,49.4375,39,12
51.125,1,57.625,54.375,49,12
53.625,1,46.625,50.125,62,12
55.375,1,47.125,51.25,62,12
47.25,-1,44.75,46,38,12
52.875,1,62.5,57.6875,52,12
45.5,1,40.5,43,38,12
44.375,1,37.625,41,38,12
54.125,1,53.5,53.8125,48,12
46.875,-1,61.5,54.1875,51,12
48.625,1,38.125,43.375,48,12
48,1,52.25,50.125,48,12
54.375,1,54.375,54.375,62,12
47.625,-1,59.375,53.5,38,12
51.75,1,55,53.375,53,12
44.625,-1,46.125,45.375,45,12
46,-1,60.625,53.3125,38,12
54.25,-1,53.75,54,48,12
54.625,1,50.875,52.75,38,12
50.75,1,48.25,49.5,46,12
47.25,-1,59.125,53.1875,38,12
45.25,-1,46.875,46.0625,38,12
45.5,-1,57.125,51.3125,52,12
51.25,-1,58.125,54.6875,38,12
45.75,1,50.375,48.0625,48,12
54,1,39.5,46.75,38,12
54.125,1,51.25,52.6875,48,12
46.125,-1,59.75,52.9375,48,12
52.125,-1,55.25,53.6875,52,12
48.125,-1,57.125,52.625,56,12
55,1,41.25,48.125,38,12
48.375,-1,45,46.6875,36,12
44.375,1,50.125,47.25,52,12
48.25,1,44.625,46.4375,38,12
47.25,-1,59.875,53.5625,48,12
47.25,1,46.375,46.8125,38,12
46.625,-1,45.25,45.9375,35,12
47.875,-1,47.625,47.75,35,12
46.625,-1,44.125,45.375,38,12
53.875,1,50.625,52.25,52,12
54,1,60.75,57.375,62,12
45.5,-1,58.25,51.875,52,12
53.875,1,59.625,56.75,52,12
51.75,1,48.25,50,38,12
48.25,1,60.5,54.375,52,12
50.375,-1,48,49.1875,43,12
44.875,-1,54,49.4375,38,12
52.125,-1,54,53.0625,38,12
54.375,-1,52,53.1875,52,12
48.125,-1,57.25,52.6875,38,12
55,-1,61.125,58.0625,48,12
47.375,-1,61.875,54.625,38,12
46.625,-1,61.625,54.125,48,12
46.125,-1,46.25,46.1875,48,12
45.875,-1,46,45.9375,38,12
44.875,-1,60.875,52.875,48,12
54.375,-1,52.5,53.4375,38,12
46.125,1,58.625,52.375,52,12
51.125,1,45.625,48.375,48,12
44.25,-1,45.875,45.0625,48,12
50.5,1,62.25,56.375,62,12
51.75,1,60.5,56.125,48,12
55.25,1,55.375,55.3125,48,12
48.75,-1,44.375,46.5625,52,13
48.375,-1,47.875,48.125,49,13
45.375,1,41.625,43.5,47,13
47.5,-1,38.625,43.0625,42,13
47.75,1,57.5,52.625,59,13
46.625,-1,38.375,42.5,41,13
47.25,-1,41.375,44.3125,46,13
52.25,-1,39.25,45.75,47,13
54.75,1,47.25,51,53,13
53.25,1,58.75,56,53,13
44.25,-1,48.25,46.25,48,13
53.375,1,42,47.6875,52,13
54.625,1,58,56.3125,51,13
51.125,-1,54.625,52.875,48,13
47.25,-1,54,50.625,49,13
51.25,1,58.875,55.0625,54,13
45.5,1,59.25,52.375,53,13
51.75,-1,45.5,48.625,43,13
53.75,1,53.125,53.4375,53,13
46.375,-1,46.875,46.625,51,13
55.25,1,55.625,55.4375,47,13
47.5,1,51.375,49.4375,50,13
51.125,1,57.625,54.375,53,13
55.375,-1,47.125,51.25,50,13
47.25,-1,44.75,46,49,13
52.875,1,62.5,57.6875,46,13
45.5,1,40.5,43,55,13
44.375,-1,37.625,41,46,13
54.125,1,53.5,53.8125,53,13
46.875,-1,61.5,54.1875,49,13
48.625,-1,38.125,43.375,47,13
48,1,52.25,50.125,48,13
54.375,1,54.375,54.375,53,13
47.625,-1,59.375,53.5,55,13
51.75,-1,55,53.375,53,13
44.625,1,46.125,45.375,52,13
46,1,60.625,53.3125,53,13
54.25,1,53.75,54,54,13
54.625,1,50.875,52.75,51,13
50.75,-1,48.25,49.5,53,13
47.25,-1,59.125,53.1875,50,13
45.25,-1,46.875,46.0625,55,13
45.5,1,57.125,51.3125,53,13
51.25,-1,58.125,54.6875,47,13
45.75,-1,50.375,48.0625,47,13
54,1,39.5,46.75,51,13
54.125,1,51.25,52.6875,52,13
46.125,1,59.75,52.9375,58,13
52.125,1,55.25,53.6875,58,13
48.125,1,57.125,52.625,51,13
55,1,41.25,48.125,46,13
48.375,-1,45,46.6875,49,13
44.375,1,50.125,47.25,59,13
48.25,1,44.625,46.4375,55,13
47.25,1,59.875,53.5625,57,13
47.25,1,46.375,46.8125,57,13
46.625,1,45.25,45.9375,55,13
47.875,-1,47.625,47.75,48,13
46.625,-1,44.125,45.375,48,13
53.875,-1,50.625,52.25,50,13
54,1,60.75,57.375,58,13
45.5,1,58.25,51.875,53,13
53.875,1,59.625,56.75,46,13
51.75,1,48.25,50,54,13
48.25,1,60.5,54.375,50,13
50.375,-1,48,49.1875,56,13
44.875,1,54,49.4375,51,13
52.125,1,54,53.0625,57,13
54.375,1,52,53.1875,52,13
48.125,-1,57.25,52.6875,47,13
55,1,61.125,58.0625,60,13
47.375,-1,61.875,54.625,47,13
46.625,1,61.625,54.125,55,13
46.125,-1,46.25,46.1875,49,13
45.875,-1,46,45.9375,41,13
44.875,-1,60.875,52.875,58,13
54.375,1,52.5,53.4375,55,13
46.125,-1,58.625,52.375,51,13
51.125,1,45.625,48.375,58,13
44.25,1,45.875,45.0625,49,13
50.5,-1,62.25,56.375,55,13
51.75,-1,60.5,56.125,53,13
55.25,1,55.375,55.3125,50,13
48.75,1,44.375,46.5625,52,14
48.375,-1,47.875,48.125,41,14
45.375,-1,41.625,43.5,48,14
47.5,-1,38.625,43.0625,49,14
47.75,-1,57.5,52.625,51,14
47.25,-1,41.375,44.3125,46,14
52.25,1,39.25,45.75,51,14
54.75,1,47.25,51,55,14
53.25,1,58.75,56,48,14
44.25,-1,48.25,46.25,46,14
53.375,1,42,47.6875,53,14
54.625,1,58,56.3125,57,14
51.125,-1,54.625,52.875,53,14
47.25,-1,54,50.625,49,14
51.25,1,58.875,55.0625,57,14
45.5,-1,59.25,52.375,56,14
51.75,1,45.5,48.625,48,14
53.75,-1,53.125,53.4375,45,14
46.375,-1,46.875,46.625,45,14
55.25,1,55.625,55.4375,54,14
47.5,-1,51.375,49.4375,52,14
51.125,-1,57.625,54.375,55,14
53.625,-1,46.625,50.125,49,14
55.375,-1,47.125,51.25,49,14
47.25,-1,44.75,46,43,14
52.875,1,62.5,57.6875,52,14
45.5,-1,40.5,43,45,14
44.375,1,37.625,41,48,14
54.125,1,53.5,53.8125,56,14
46.875,-1,61.5,54.1875,54,14
48.625,-1,38.125,43.375,44,14
48,1,52.25,50.125,47,14
54.375,1,54.375,54.375,54,14
47.625,1,59.375,53.5,52,14
51.75,1,55,53.375,52,14
44.625,-1,46.125,45.375,47,14
46,-1,60.625,53.3125,53,14
54.25,1,53.75,54,54,14
54.625,1,50.875,52.75,51,14
50.75,1,48.25,49.5,50,14
47.25,1,59.125,53.1875,54,14
45.25,-1,46.875,46.0625,47,14
45.5,-1,57.125,51.3125,52,14
51.25,1,58.125,54.6875,52,14
45.75,1,50.375,48.0625,52,14
54,1,39.5,46.75,48,14
54.125,1,51.25,52.6875,52,14
46.125,-1,59.75,52.9375,53,14
52.125,1,55.25,53.6875,57,14
48.125,1,57.125,52.625,55,14
55,1,41.25,48.125,54,14
48.375,-1,45,46.6875,52,14
44.375,1,50.125,47.25,54,14
48.25,1,44.625,46.4375,52,14
47.25,-1,59.875,53.5625,53,14
47.25,1,46.375,46.8125,50,14
46.625,1,45.25,45.9375,49,14
47.875,1,47.625,47.75,51,14
46.625,1,44.125,45.375,50,14
53.875,1,50.625,52.25,55,14
54,1,60.75,57.375,56,14
45.5,1,58.25,51.875,53,14
53.875,1,59.625,56.75,57,14
51.75,1,48.25,50,52,14
48.25,1,60.5,54.375,54,14
50.375,1,48,49.1875,52,14
44.875,-1,54,49.4375,51,14
52.125,-1,54,53.0625,50,14
54.375,1,52,53.1875,52,14
48.125,1,57.25,52.6875,51,14
55,1,61.125,58.0625,54,14
47.375,1,61.875,54.625,56,14
46.625,1,61.625,54.125,53,14
46.125,1,46.25,46.1875,55,14
45.875,-1,46,45.9375,44,14
44.875,-1,60.875,52.875,56,14
54.375,1,52.5,53.4375,48,14
46.125,1,58.625,52.375,56,14
51.125,-1,45.625,48.375,51,14
44.25,1,45.875,45.0625,50,14
50.5,1,62.25,56.375,57,14
51.75,1,60.5,56.125,59,14
55.25,1,55.375,55.3125,57,14
48.75,-1,44.375,46.5625,57,15
48.375,1,47.875,48.125,52,15
45.375,-1,41.625,43.5,54,15
47.5,1,38.625,43.0625,50,15
47.75,1,57.5,52.625,43,15
46.625,-1,38.375,42.5,48,15
47.25,-1,41.375,44.3125,43,15
52.25,1,39.25,45.75,48,15
54.75,1,47.25,51,46,15
53.25,1,58.75,56,52,15
44.25,-1,48.25,46.25,40,15
53.375,-1,42,47.6875,47,15
54.625,1,58,56.3125,57,15
51.125,-1,54.625,52.875,50,15
47.25,-1,54,50.625,46,15
51.25,-1,58.875,55.0625,48,15
45.5,-1,59.25,52.375,40,15
51.75,1,45.5,48.625,48,15
53.75,-1,53.125,53.4375,47,15
46.375,-1,46.875,46.625,50,15
55.25,1,55.625,55.4375,50,15
47.5,1,51.375,49.4375,51,15
51.125,1,57.625,54.375,54,15
53.625,1,46.625,50.125,49,15
55.375,-1,47.125,51.25,43,15
47.25,-1,44.75,46,47,15
52.875,1,62.5,57.6875,55,15
45.5,-1,40.5,43,39,15
44.375,1,37.625,41,46,15
54.125,-1,53.5,53.8125,53,15
46.875,1,61.5,54.1875,53,15
48.625,1,38.125,43.375,43,15
48,1,52.25,50.125,43,15
54.375,1,54.375,54.375,53,15
47.625,1,59.375,53.5,55,15
51.75,1,55,53.375,46,15
44.625,-1,46.125,45.375,46,15
46,-1,60.625,53.3125,45,15
54.25,1,53.75,54,50,15
54.625,-1,50.875,52.75,47,15
50.75,1,48.25,49.5,48,15
47.25,1,59.125,53.1875,51,15
45.25,1,46.875,46.0625,45,15
45.5,-1,57.125,51.3125,43,15
51.25,-1,58.125,54.6875,48,15
45.75,-1,50.375,48.0625,44,15
54,1,39.5,46.75,40,15
54.125,1,51.25,52.6875,49,15
46.125,-1,59.75,52.9375,53,15
52.125,-1,55.25,53.6875,49,15
48.125,-1,57.125,52.625,49,15
55,1,41.25,48.125,47,15
48.375,-1,45,46.6875,47,15
44.375,1,50.125,47.25,50,15
48.25,-1,44.625,46.4375,41,15
47.25,-1,59.875,53.5625,46,15
47.25,1,46.375,46.8125,49,15
46.625,-1,45.25,45.9375,40,15
47.875,-1,47.625,47.75,43,15
46.625,-1,44.125,45.375,42,15
53.875,1,50.625,52.25,47,15
54,1,60.75,57.375,50,15
45.5,-1,58.25,51.875,45,15
53.875,1,59.625,56.75,50,15
51.75,1,48.25,50,50,15
48.25,-1,60.5,54.375,46,15
50.375,1,48,49.1875,49,15
44.875,-1,54,49.4375,48,15
52.125,-1,54,53.0625,50,15
54.375,1,52,53.1875,48,15
48.125,-1,57.25,52.6875,51,15
55,1,61.125,58.0625,49,15
47.375,-1,61.875,54.625,52,15
46.625,1,61.625,54.125,51,15
46.125,1,46.25,46.1875,52,15
45.875,-1,46,45.9375,40,15
44.875,-1,60.875,52.875,50,15
54.375,1,52.5,53.4375,55,15
46.125,-1,58.625,52.375,50,15
51.125,-1,45.625,48.375,47,15
44.25,-1,45.875,45.0625,44,15
50.5,1,62.25,56.375,51,15
51.75,1,60.5,56.125,56,15
55.25,1,55.375,55.3125,51,15
48.75,1,44.375,46.5625,49,16
48.375,-1,47.875,48.125,51,16
45.375,-1,41.625,43.5,40,16
47.5,-1,38.625,43.0625,45,16
47.75,1,57.5,52.625,50,16
46.625,-1,38.375,42.5,41,16
47.25,-1,41.375,44.3125,40,16
52.25,1,39.25,45.75,48,16
54.75,1,47.25,51,51,16
53.25,1,58.75,56,54,16
44.25,1,48.25,46.25,49,16
53.375,1,42,47.6875,49,16
54.625,1,58,56.3125,52,16
51.125,1,54.625,52.875,56,16
47.25,1,54,50.625,57,16
51.25,-1,58.875,55.0625,54,16
45.5,1,59.25,52.375,51,16
51.75,1,45.5,48.625,51,16
53.75,1,53.125,53.4375,53,16
46.375,-1,46.875,46.625,43,16
55.25,-1,55.625,55.4375,54,16
47.5,1,51.375,49.4375,52,16
51.125,1,57.625,54.375,54,16
53.625,-1,46.625,50.125,47,16
55.375,1,47.125,51.25,51,16
47.25,-1,44.75,46,49,16
52.875,1,62.5,57.6875,51,16
45.5,-1,40.5,43,47,16
44.375,1,37.625,41,50,16
54.125,-1,53.5,53.8125,56,16
46.875,-1,61.5,54.1875,52,16
48.625,1,38.125,43.375,49,16
48,1,52.25,50.125,54,16
54.375,1,54.375,54.375,53,16
47.625,1,59.375,53.5,54,16
51.75,-1,55,53.375,47,16
44.625,-1,46.125,45.375,48,16
46,-1,60.625,53.3125,51,16
54.25,1,53.75,54,55,16
54.625,1,50.875,52.75,51,16
50.75,1,48.25,49.5,52,16
47.25,-1,59.125,53.1875,52,16
45.25,-1,46.875,46.0625,44,16
45.5,-1,57.125,51.3125,52,16
51.25,1,58.125,54.6875,54,16
45.75,1,50.375,48.0625,48,16
54,1,39.5,46.75,55,16
54.125,1,51.25,52.6875,55,16
46.125,1,59.75,52.9375,54,16
52.125,1,55.25,53.6875,48,16
48.125,-1,57.125,52.625,52,16
55,1,41.25,48.125,48,16
48.375,1,45,46.6875,47,16
44.375,-1,50.125,47.25,52,16
48.25,-1,44.625,46.4375,49,16
47.25,-1,59.875,53.5625,51,16
47.25,1,46.375,46.8125,54,16
46.625,-1,45.25,45.9375,52,16
47.875,1,47.625,47.75,47,16
46.625,1,44.125,45.375,52,16
53.875,1,50.625,52.25,56,16
54,1,60.75,57.375,55,16
45.5,-1,58.25,51.875,53,16
53.875,1,59.625,56.75,56,16
51.75,1,48.25,50,50,16
48.25,-1,60.5,54.375,55,16
50.375,1,48,49.1875,49,16
44.875,-1,54,49.4375,46,16
52.125,-1,54,53.0625,56,16
54.375,1,52,53.1875,53,16
48.125,1,57.25,52.6875,51,16
55,1,61.125,58.0625,53,16
47.375,1,61.875,54.625,58,16
46.625,1,61.625,54.125,55,16
46.125,1,46.25,46.1875,57,16
45.875,-1,46,45.9375,42,16
44.875,-1,60.875,52.875,53,16
54.375,-1,52.5,53.4375,46,16
46.125,-1,58.625,52.375,51,16
51.125,-1,45.625,48.375,47,16
44.25,-1,45.875,45.0625,57,16
50.5,-1,62.25,56.375,52,16
51.75,1,60.5,56.125,56,16
55.25,1,55.375,55.3125,49,16
48.75,1,44.375,46.5625,55,17
48.375,1,47.875,48.125,62,17
45.375,1,41.625,43.5,50,17
47.5,1,38.625,43.0625,50,17
47.75,1,57.5,52.625,59,17
46.625,-1,38.375,42.5,36,17
47.25,-1,41.375,44.3125,36,17
52.25,1,39.25,45.75,54,17
54.75,1,47.25,51,50,17
53.25,1,58.75,56,55,17
44.25,-1,48.25,46.25,56,17
53.375,1,42,47.6875,53,17
54.625,1,58,56.3125,47,17
51.125,-1,54.625,52.875,43,17
47.25,-1,54,50.625,45,17
51.25,1,58.875,55.0625,50,17
45.5,-1,59.25,52.375,57,17
51.75,1,45.5,48.625,45,17
53.75,1,53.125,53.4375,52,17
46.375,1,46.875,46.625,57,17
55.25,1,55.625,55.4375,65,17
47.5,-1,51.375,49.4375,47,17
51.125,-1,57.625,54.375,60,17
53.625,1,46.625,50.125,55,17
55.375,1,47.125,51.25,61,17
47.25,-1,44.75,46,61,17
52.875,-1,62.5,57.6875,58,17
45.5,1,40.5,43,48,17
44.375,1,37.625,41,51,17
54.125,1,53.5,53.8125,51,17
46.875,-1,61.5,54.1875,51,17
48.625,-1,38.125,43.375,44,17
48,-1,52.25,50.125,52,17
54.375,1,54.375,54.375,56,17
47.625,1,59.375,53.5,56,17
51.75,1,55,53.375,55,17
44.625,-1,46.125,45.375,50,17
46,1,60.625,53.3125,54,17
54.25,-1,53.75,54,49,17
54.625,1,50.875,52.75,44,17
50.75,1,48.25,49.5,55,17
47.25,1,59.125,53.1875,51,17
45.25,-1,46.875,46.0625,55,17
45.5,-1,57.125,51.3125,57,17
51.25,1,58.125,54.6875,50,17
45.75,1,50.375,48.0625,57,17
54,1,39.5,46.75,52,17
54.125,-1,51.25,52.6875,61,17
46.125,-1,59.75,52.9375,55,17
52.125,-1,55.25,53.6875,47,17
48.125,1,57.125,52.625,45,17
55,1,41.25,48.125,56,17
48.375,1,45,46.6875,56,17
44.375,-1,50.125,47.25,53,17
48.25,1,44.625,46.4375,54,17
47.25,-1,59.875,53.5625,65,17
47.25,-1,46.375,46.8125,47,17
46.625,-1,45.25,45.9375,53,17
47.875,1,47.625,47.75,46,17
46.625,-1,44.125,45.375,52,17
53.875,-1,50.625,52.25,52,17
54,1,60.75,57.375,63,17
45.5,-1,58.25,51.875,48,17
53.875,-1,59.625,56.75,50,17
51.75,1,48.25,50,42,17
48.25,-1,60.5,54.375,51,17
50.375,-1,48,49.1875,46,17
44.875,1,54,49.4375,45,17
52.125,-1,54,53.0625,60,17
54.375,1,52,53.1875,59,17
48.125,-1,57.25,52.6875,66,17
55,-1,61.125,58.0625,50,17
47.375,1,61.875,54.625,61,17
46.625,-1,61.625,54.125,56,17
46.125,-1,46.25,46.1875,45,17
45.875,1,46,45.9375,44,17
44.875,1,60.875,52.875,61,17
54.375,1,52.5,53.4375,46,17
46.125,-1,58.625,52.375,66,17
51.125,1,45.625,48.375,54,17
44.25,-1,45.875,45.0625,49,17
50.5,-1,62.25,56.375,62,17
51.75,1,60.5,56.125,48,17
55.25,1,55.375,55.3125,50,17
48.75,-1,44.375,46.5625,48,18
48.375,1,47.875,48.125,55,18
45.375,-1,41.625,43.5,39,18
47.5,-1,38.625,43.0625,45,18
47.75,-1,57.5,52.625,45,18
46.625,-1,38.375,42.5,35,18
47.25,-1,41.375,44.3125,50,18
52.25,1,39.25,45.75,42,18
54.75,1,47.25,51,55,18
53.25,-1,58.75,56,40,18
44.25,-1,48.25,46.25,51,18
53.375,1,42,47.6875,40,18
54.625,1,58,56.3125,56,18
51.125,1,54.625,52.875,51,18
47.25,1,54,50.625,60,18
51.25,-1,58.875,55.0625,50,18
45.5,-1,59.25,52.375,50,18
51.75,1,45.5,48.625,55,18
53.75,1,53.125,53.4375,55,18
46.375,-1,46.875,46.625,46,18
55.25,1,55.625,55.4375,65,18
47.5,1,51.375,49.4375,53,18
51.125,-1,57.625,54.375,55,18
53.625,-1,46.625,50.125,45,18
55.375,1,47.125,51.25,60,18
47.25,-1,44.75,46,40,18
52.875,-1,62.5,57.6875,62,18
45.5,-1,40.5,43,42,18
44.375,1,37.625,41,50,18
54.125,1,53.5,53.8125,55,18
46.875,-1,61.5,54.1875,56,18
48.625,-1,38.125,43.375,38,18
48,1,52.25,50.125,55,18
54.375,1,54.375,54.375,55,18
47.625,1,59.375,53.5,53,18
51.75,1,55,53.375,58,18
44.625,-1,46.125,45.375,40,18
46,-1,60.625,53.3125,60,18
54.25,1,53.75,54,55,18
54.625,1,50.875,52.75,55,18
50.75,1,48.25,49.5,55,18
47.25,1,59.125,53.1875,55,18
45.25,-1,46.875,46.0625,43,18
45.5,1,57.125,51.3125,46,18
51.25,1,58.125,54.6875,58,18
45.75,-1,50.375,48.0625,58,18
54,-1,39.5,46.75,40,18
54.125,1,51.25,52.6875,45,18
46.125,-1,59.75,52.9375,50,18
52.125,1,55.25,53.6875,45,18
48.125,1,57.125,52.625,56,18
55,1,41.25,48.125,55,18
48.375,1,45,46.6875,46,18
44.375,-1,50.125,47.25,52,18
48.25,1,44.625,46.4375,50,18
47.25,-1,59.875,53.5625,48,18
47.25,1,46.375,46.8125,55,18
46.625,-1,45.25,45.9375,45,18
47.875,-1,47.625,47.75,42,18
46.625,1,44.125,45.375,45,18
53.875,1,50.625,52.25,52,18
54,1,60.75,57.375,57,18
45.5,-1,58.25,51.875,53,18
53.875,1,59.625,56.75,57,18
51.75,-1,48.25,50,52,18
48.25,1,60.5,54.375,56,18
50.375,1,48,49.1875,55,18
44.875,-1,54,49.4375,48,18
52.125,1,54,53.0625,55,18
54.375,1,52,53.1875,60,18
48.125,-1,57.25,52.6875,45,18
55,-1,61.125,58.0625,53,18
47.375,-1,61.875,54.625,50,18
46.625,-1,61.625,54.125,58,18
46.125,-1,46.25,46.1875,45,18
45.875,-1,46,45.9375,45,18
44.875,-1,60.875,52.875,46,18
54.375,1,52.5,53.4375,48,18
46.125,-1,58.625,52.375,50,18
51.125,1,45.625,48.375,50,18
44.25,-1,45.875,45.0625,43,18
50.5,1,62.25,56.375,53,18
51.75,1,60.5,56.125,59,18
55.25,1,55.375,55.3125,57,18
48.75,-1,44.375,46.5625,48,19
48.375,-1,47.875,48.125,49,19
45.375,-1,41.625,43.5,49,19
47.5,-1,38.625,43.0625,48,19
47.75,-1,57.5,52.625,55,19
46.625,-1,38.375,42.5,51,19
47.25,-1,41.375,44.3125,49,19
52.25,-1,39.25,45.75,46,19
54.75,1,47.25,51,54,19
53.25,1,58.75,56,56,19
44.25,-1,48.25,46.25,44,19
53.375,1,42,47.6875,53,19
54.625,1,58,56.3125,48,19
51.125,1,54.625,52.875,49,19
47.25,1,54,50.625,57,19
51.25,1,58.875,55.0625,52,19
45.5,1,59.25,52.375,51,19
51.75,1,45.5,48.625,53,19
53.75,-1,53.125,53.4375,54,19
46.375,-1,46.875,46.625,52,19
55.25,1,55.625,55.4375,53,19
47.5,-1,51.375,49.4375,53,19
51.125,-1,57.625,54.375,49,19
53.625,1,46.625,50.125,50,19
55.375,1,47.125,51.25,54,19
47.25,-1,44.75,46,50,19
45.5,-1,40.5,43,44,19
44.375,-1,37.625,41,42,19
54.125,1,53.5,53.8125,52,19
46.875,-1,61.5,54.1875,59,19
48.625,-1,38.125,43.375,49,19
48,-1,52.25,50.125,52,19
54.375,1,54.375,54.375,50,19
47.625,-1,59.375,53.5,46,19
51.75,-1,55,53.375,46,19
44.625,-1,46.125,45.375,51,19
46,-1,60.625,53.3125,53,19
54.25,1,53.75,54,52,19
54.625,1,50.875,52.75,50,19
50.75,1,48.25,49.5,51,19
47.25,-1,59.125,53.1875,48,19
45.25,-1,46.875,46.0625,49,19
45.5,-1,57.125,51.3125,54,19
51.25,-1,58.125,54.6875,49,19
45.75,-1,50.375,48.0625,45,19
54,-1,39.5,46.75,46,19
54.125,1,51.25,52.6875,52,19
46.125,-1,59.75,52.9375,52,19
52.125,-1,55.25,53.6875,50,19
48.125,-1,57.125,52.625,52,19
55,1,41.25,48.125,49,19
48.375,1,45,46.6875,46,19
44.375,-1,50.125,47.25,42,19
48.25,-1,44.625,46.4375,49,19
47.25,-1,59.875,53.5625,47,19
47.25,-1,46.375,46.8125,48,19
47.875,-1,47.625,47.75,45,19
46.625,1,44.125,45.375,49,19
53.875,1,50.625,52.25,50,19
54,1,60.75,57.375,51,19
45.5,-1,58.25,51.875,56,19
53.875,-1,59.625,56.75,52,19
51.75,-1,48.25,50,47,19
48.25,1,60.5,54.375,50,19
50.375,1,48,49.1875,51,19
44.875,-1,54,49.4375,47,19
52.125,-1,54,53.0625,47,19
54.375,1,52,53.1875,55,19
48.125,-1,57.25,52.6875,54,19
55,-1,61.125,58.0625,48,19
47.375,-1,61.875,54.625,51,19
46.625,-1,61.625,54.125,49,19
46.125,-1,46.25,46.1875,46,19
45.875,-1,46,45.9375,43,19
44.875,-1,60.875,52.875,56,19
54.375,-1,52.5,53.4375,48,19
51.125,-1,45.625,48.375,51,19
44.25,-1,45.875,45.0625,43,19
50.5,1,62.25,56.375,52,19
51.75,-1,60.5,56.125,46,19
55.25,1,55.375,55.3125,59,19
48.75,-1,44.375,46.5625,44,20
48.375,1,47.875,48.125,51,20
45.375,-1,41.625,43.5,48,20
47.5,1,38.625,43.0625,52,20
47.75,1,57.5,52.625,53,20
47.25,-1,41.375,44.3125,41,20
52.25,1,39.25,45.75,39,20
54.75,1,47.25,51,52,20
53.25,1,58.75,56,54,20
44.25,-1,48.25,46.25,43,20
53.375,1,42,47.6875,50,20
54.625,-1,58,56.3125,55,20
51.125,-1,54.625,52.875,61,20
47.25,1,54,50.625,54,20
51.25,1,58.875,55.0625,62,20
45.5,-1,59.25,52.375,58,20
51.75,1,45.5,48.625,50,20
53.75,1,53.125,53.4375,51,20
46.375,-1,46.875,46.625,49,20
55.25,1,55.625,55.4375,52,20
47.5,-1,51.375,49.4375,51,20
51.125,-1,57.625,54.375,56,20
53.625,1,46.625,50.125,50,20
55.375,1,47.125,51.25,53,20
47.25,-1,44.75,46,46,20
52.875,1,62.5,57.6875,64,20
45.5,1,40.5,43,51,20
44.375,1,37.625,41,51,20
54.125,1,53.5,53.8125,52,20
46.875,1,61.5,54.1875,56,20
48.625,1,38.125,43.375,51,20
48,1,52.25,50.125,52,20
54.375,1,54.375,54.375,48,20
47.625,1,59.375,53.5,55,20
51.75,1,55,53.375,52,20
44.625,1,46.125,45.375,45,20
46,1,60.625,53.3125,55,20
54.25,1,53.75,54,52,20
54.625,1,50.875,52.75,52,20
50.75,-1,48.25,49.5,48,20
47.25,-1,59.125,53.1875,54,20
45.25,-1,46.875,46.0625,48,20
45.5,1,57.125,51.3125,60,20
51.25,1,58.125,54.6875,62,20
45.75,-1,50.375,48.0625,51,20
54,1,39.5,46.75,48,20
54.125,1,51.25,52.6875,50,20
46.125,1,59.75,52.9375,56,20
52.125,1,55.25,53.6875,57,20
48.125,1,57.125,52.625,51,20
55,1,41.25,48.125,54,20
48.375,-1,45,46.6875,54,20
44.375,1,50.125,47.25,55,20
48.25,-1,44.625,46.4375,48,20
47.25,-1,59.875,53.5625,64,20
47.25,1,46.375,46.8125,50,20
46.625,-1,45.25,45.9375,53,20
47.875,1,47.625,47.75,55,20
46.625,1,44.125,45.375,60,20
53.875,1,50.625,52.25,55,20
54,1,60.75,57.375,55,20
45.5,-1,58.25,51.875,53,20
53.875,-1,59.625,56.75,48,20
51.75,1,48.25,50,54,20
48.25,-1,60.5,54.375,53,20
50.375,-1,48,49.1875,45,20
44.875,-1,54,49.4375,51,20
52.125,1,54,53.0625,54,20
54.375,-1,52,53.1875,55,20
48.125,1,57.25,52.6875,58,20
55,-1,61.125,58.0625,54,20
47.375,1,61.875,54.625,59,20
46.625,1,61.625,54.125,56,20
46.125,-1,46.25,46.1875,42,20
45.875,-1,46,45.9375,38,20
44.875,-1,60.875,52.875,45,20
54.375,1,52.5,53.4375,56,20
46.125,1,58.625,52.375,45,20
51.125,1,45.625,48.375,52,20
44.25,-1,45.875,45.0625,44,20
50.5,1,62.25,56.375,54,20
55.25,1,55.375,55.3125,56,20
48.75,1,44.375,46.5625,60,21
48.375,1,47.875,48.125,66,21
45.375,-1,41.625,43.5,44,21
47.5,-1,38.625,43.0625,44,21
47.75,1,57.5,52.625,64,21
46.625,1,38.375,42.5,48,21
47.25,-1,41.375,44.3125,46,21
52.25,1,39.25,45.75,64,21
54.75,1,47.25,51,64,21
53.25,1,58.75,56,62,21
44.25,-1,48.25,46.25,52,21
53.375,-1,42,47.6875,54,21
54.625,1,58,56.3125,57,21
51.125,-1,54.625,52.875,55,21
47.25,-1,54,50.625,62,21
51.25,1,58.875,55.0625,52,21
45.5,1,59.25,52.375,61,21
51.75,-1,45.5,48.625,44,21
53.75,-1,53.125,53.4375,48,21
46.375,1,46.875,46.625,65,21
55.25,1,55.625,55.4375,66,21
47.5,1,51.375,49.4375,55,21
51.125,-1,57.625,54.375,52,21
53.625,1,46.625,50.125,57,21
55.375,1,47.125,51.25,53,21
47.25,-1,44.75,46,50,21
52.875,1,62.5,57.6875,63,21
45.5,-1,40.5,43,37,21
44.375,-1,37.625,41,54,21
54.125,1,53.5,53.8125,48,21
46.875,-1,61.5,54.1875,50,21
48.625,-1,38.125,43.375,41,21
48,-1,52.25,50.125,56,21
54.375,1,54.375,54.375,45,21
47.625,1,59.375,53.5,57,21
51.75,-1,55,53.375,36,21
44.625,-1,46.125,45.375,54,21
46,-1,60.625,53.3125,57,21
54.25,-1,53.75,54,50,21
54.625,-1,50.875,52.75,54,21
50.75,1,48.25,49.5,52,21
47.25,-1,59.125,53.1875,50,21
45.25,1,46.875,46.0625,55,21
45.5,1,57.125,51.3125,60,21
51.25,1,58.125,54.6875,55,21
45.75,-1,50.375,48.0625,45,21
54,1,39.5,46.75,50,21
54.125,1,51.25,52.6875,59,21
46.125,1,59.75,52.9375,48,21
52.125,1,55.25,53.6875,47,21
48.125,1,57.125,52.625,60,21
55,1,41.25,48.125,58,21
48.375,1,45,46.6875,52,21
44.375,-1,50.125,47.25,63,21
48.25,-1,44.625,46.4375,60,21
47.25,-1,59.875,53.5625,48,21
47.25,1,46.375,46.8125,51,21
46.625,-1,45.25,45.9375,50,21
47.875,1,47.625,47.75,44,21
46.625,1,44.125,45.375,57,21
53.875,1,50.625,52.25,48,21
54,1,60.75,57.375,62,21
45.5,-1,58.25,51.875,57,21
53.875,1,59.625,56.75,58,21
51.75,1,48.25,50,66,21
48.25,-1,60.5,54.375,46,21
50.375,-1,48,49.1875,47,21
44.875,-1,54,49.4375,57,21
52.125,-1,54,53.0625,53,21
54.375,-1,52,53.1875,54,21
48.125,-1,57.25,52.6875,56,21
55,-1,61.125,58.0625,57,21
