subject,load,delay,target,probe,near,response
1,3,0.1,24,18,10,-1
1,3,0.1,307,311,296,-1
1,3,0.1,151,147,289,1
1,4,0.1,326,334,32,-1
1,3,0.1,73,77,60,-1
1,3,0.1,85,79,70,1
1,4,0.1,213,219,226,-1
1,4,0.1,250,258,301,-1
1,4,0.1,102,108,114,1
1,3,0.1,232,238,133,-1
1,4,0.1,332,324,316,1
1,3,0.1,229,237,246,-1
1,3,0.1,21,13,266,-1
1,4,0.1,303,297,93,-1
1,4,0.1,336,328,318,-1
1,4,0.1,96,92,112,1
1,4,0.1,161,157,175,1
1,4,0.1,171,165,87,1
1,3,0.1,296,292,51,-1
1,4,0.1,213,217,94,1
1,3,0.1,50,42,252,1
1,4,0.1,8,12,269,-1
1,3,0.1,191,197,97,-1
1,3,0.1,240,248,259,-1
1,4,0.1,353,347,250,1
1,3,0.1,106,98,330,1
1,3,0.1,4,0,351,1
1,4,0.1,55,63,155,-1
1,3,0.1,315,321,296,-1
1,4,0.1,182,186,196,-1
1,4,0.1,348,352,287,1
1,4,0.1,236,230,252,-1
1,4,0.1,34,42,22,-1
1,3,0.1,54,60,169,-1
1,4,0.1,223,231,151,-1
1,3,0.1,142,138,354,1
1,3,0.1,199,191,31,1
1,4,0.1,47,55,37,-1
1,4,0.1,92,96,255,-1
1,4,0.1,349,343,337,1
1,4,0.1,140,134,152,1
1,3,0.1,101,107,195,1
1,3,0.1,197,189,216,-1
1,4,0.1,163,167,177,1
1,3,0.1,78,84,67,-1
1,4,0.1,41,35,277,1
1,3,0.1,224,216,236,-1
1,3,0.1,177,173,21,1
1,3,0.1,35,31,22,1
1,3,0.1,208,204,218,1
1,4,0.1,214,206,356,1
1,4,0.1,27,31,16,-1
1,3,0.1,340,348,327,-1
1,4,0.1,185,191,350,-1
1,3,0.1,174,182,190,1
1,4,0.1,165,157,183,1
1,3,0.1,126,122,144,1
1,4,0.1,318,310,109,-1
1,3,0.1,226,230,49,1
1,4,0.1,244,236,263,1
1,3,0.1,285,293,158,-1
1,4,0.1,351,347,143,1
1,3,0.1,146,152,161,1
1,3,0.1,146,154,237,1
1,4,0.1,341,337,263,-1
1,3,0.1,135,141,150,1
1,3,0.1,316,310,66,-1
1,3,0.1,76,70,5,1
1,4,0.1,336,340,322,-1
1,4,0.1,296,302,114,-1
1,4,0.1,306,300,287,-1
1,4,0.1,15,9,4,-1
1,3,0.1,285,289,175,-1
1,3,0.1,44,52,27,1
1,4,0.1,193,199,205,1
1,4,0.1,172,180,183,-1
1,4,0.1,220,216,319,-1
1,4,0.1,276,268,153,-1
1,3,0.1,204,208,216,-1
1,3,0.1,348,352,167,-1
1,3,0.1,68,62,227,1
1,4,0.1,294,290,283,-1
1,4,0.1,171,167,298,1
1,3,0.1,30,22,16,-1
1,3,0.1,143,151,352,1
1,3,0.1,327,321,99,-1
1,4,0.1,6,12,350,-1
1,3,0.1,7,15,291,-1
1,4,0.1,287,293,273,-1
1,3,0.1,296,288,284,-1
1,3,0.1,220,224,22,-1
1,4,0.1,60,66,168,1
1,4,0.1,39,45,146,1
1,3,0.1,234,228,252,-1
1,4,0.1,345,341,332,-1
1,3,0.1,183,187,197,1
1,4,0.1,85,77,306,1
1,4,0.1,123,131,134,-1
1,3,0.1,198,192,216,-1
2,3,0.1,131,139,145,-1
2,4,0.1,155,151,167,-1
2,4,0.1,51,55,221,-1
2,3,0.1,58,64,139,1
2,3,0.1,334,328,316,1
2,3,0.1,331,325,319,1
2,3,0.1,213,221,232,-1
2,4,0.1,311,319,81,-1
2,4,0.1,199,205,216,1
2,3,0.1,294,286,86,1
2,4,0.1,211,205,339,1
2,4,0.1,184,190,203,-1
2,3,0.1,30,36,166,-1
2,3,0.1,69,73,56,-1
2,3,0.1,358,354,173,1
2,4,0.1,330,324,89,1
2,4,0.1,19,27,95,-1
2,3,0.1,101,97,311,1
2,3,0.1,121,113,203,1
2,3,0.1,290,294,275,1
2,4,0.1,328,320,311,1
2,4,0.1,314,306,303,1
2,4,0.1,70,74,227,-1
2,4,0.1,212,208,229,1
2,3,0.1,81,87,62,-1
2,3,0.1,157,149,168,1
2,3,0.1,327,333,244,-1
2,3,0.1,350,346,339,-1
2,4,0.1,215,209,157,1
2,4,0.1,129,133,62,-1
2,3,0.1,119,125,131,1
2,4,0.1,238,242,249,1
2,4,0.1,254,258,265,-1
2,3,0.1,210,202,349,1
2,3,0.1,76,82,224,-1
2,3,0.1,168,160,184,1
2,4,0.1,333,327,321,-1
2,4,0.1,177,171,190,1
2,4,0.1,281,289,270,-1
2,3,0.1,262,254,130,1
2,3,0.1,171,167,1,1
2,3,0.1,327,333,316,-1
2,4,0.1,244,238,262,1
2,4,0.1,123,127,23,-1
2,3,0.1,83,75,67,-1
2,4,0.1,24,32,134,-1
2,3,0.1,16,12,2,-1
2,4,0.1,284,278,158,1
2,4,0.1,17,25,357,-1
2,4,0.1,242,250,314,-1
2,3,0.1,119,115,300,1
2,3,0.1,156,152,175,1
2,3,0.1,92,100,321,-1
2,4,0.1,116,108,350,-1
2,4,0.1,254,246,265,1
2,3,0.1,77,71,177,1
2,3,0.1,337,341,106,-1
2,3,0.1,331,325,167,1
2,4,0.1,211,217,122,1
2,3,0.1,246,252,264,1
2,4,0.1,263,259,117,1
2,3,0.1,67,75,232,-1
2,4,0.1,50,54,35,-1
2,3,0.1,206,214,222,1
2,4,0.1,85,79,71,1
2,3,0.1,305,313,294,-1
2,3,0.1,307,315,290,-1
2,4,0.1,206,212,113,1
2,3,0.1,192,198,212,1
2,3,0.1,344,348,84,-1
2,3,0.1,128,124,146,1
2,4,0.1,344,338,326,1
2,4,0.1,343,347,331,-1
2,4,0.1,121,113,139,1
2,4,0.1,285,277,170,1
2,4,0.1,160,156,29,1
2,4,0.1,316,312,149,1
2,3,0.1,152,156,170,-1
2,4,0.1,78,74,66,1
2,3,0.1,81,73,64,-1
2,3,0.1,311,319,23,1
2,4,0.1,321,327,106,-1
2,3,0.1,92,96,202,-1
2,3,0.1,116,110,131,-1
2,4,0.1,321,313,125,1
2,3,0.1,202,196,109,-1
2,4,0.1,31,37,18,-1
2,3,0.1,320,324,101,-1
2,4,0.1,135,127,24,1
2,4,0.1,316,322,299,-1
2,3,0.1,117,121,127,1
2,4,0.1,17,23,324,-1
2,4,0.1,49,45,31,-1
2,4,0.1,119,127,134,-1
2,4,0.1,226,234,243,-1
2,3,0.1,192,186,211,1
2,3,0.1,268,276,4,-1
2,3,0.1,239,233,166,-1
2,3,0.1,22,16,10,-1
2,3,0.1,16,8,1,-1
2,4,0.1,245,241,34,-1
3,3,0.1,289,295,99,-1
3,3,0.1,144,152,156,-1
3,4,0.1,305,297,286,1
3,4,0.1,338,342,190,1
3,3,0.1,56,60,43,1
3,3,0.1,15,7,128,1
3,3,0.1,180,186,0,-1
3,3,0.1,49,43,32,1
3,3,0.1,133,141,153,-1
3,3,0.1,287,281,271,1
3,4,0.1,39,31,24,-1
3,4,0.1,158,162,283,1
3,4,0.1,164,170,177,1
3,3,0.1,332,336,313,1
3,4,0.1,119,125,135,-1
3,4,0.1,352,346,111,1
3,4,0.1,211,207,228,-1
3,4,0.1,252,246,191,1
3,3,0.1,25,17,231,1
3,4,0.1,328,336,115,1
3,4,0.1,128,124,143,1
3,4,0.1,319,327,64,1
3,3,0.1,65,61,324,1
3,3,0.1,162,158,256,1
3,4,0.1,133,137,149,-1
3,3,0.1,57,49,235,1
3,3,0.1,100,92,115,1
3,4,0.1,317,311,41,1
3,3,0.1,330,326,220,1
3,4,0.1,292,300,279,1
3,3,0.1,215,207,82,1
3,4,0.1,196,204,348,-1
3,3,0.1,12,8,353,1
3,4,0.1,241,245,254,-1
3,4,0.1,196,190,209,1
3,3,0.1,216,212,292,1
3,3,0.1,323,329,312,1
3,4,0.1,101,109,40,-1
3,4,0.1,336,340,248,1
3,4,0.1,11,19,355,-1
3,3,0.1,72,68,56,-1
3,3,0.1,216,208,234,1
3,4,0.1,110,114,9,-1
3,3,0.1,313,319,69,-1
3,3,0.1,8,14,168,-1
3,3,0.1,80,86,62,-1
3,4,0.1,121,115,69,1
3,4,0.1,169,163,184,1
3,4,0.1,56,48,231,1
3,3,0.1,97,93,111,1
3,3,0.1,271,265,14,1
3,4,0.1,195,187,208,-1
3,3,0.1,244,248,108,1
3,3,0.1,264,272,123,-1
3,4,0.1,41,45,25,-1
3,4,0.1,312,306,293,1
3,4,0.1,84,80,5,1
3,4,0.1,210,206,62,1
3,4,0.1,200,192,219,1
3,4,0.1,21,25,1,1
3,3,0.1,236,232,255,1
3,3,0.1,342,350,327,-1
3,3,0.1,307,315,288,-1
3,3,0.1,225,231,242,-1
3,4,0.1,331,325,312,1
3,3,0.1,130,134,261,-1
3,4,0.1,352,358,60,-1
3,3,0.1,25,19,160,-1
3,4,0.1,253,245,187,1
3,4,0.1,206,212,309,-1
3,3,0.1,230,236,243,1
3,3,0.1,41,49,119,-1
3,4,0.1,37,43,26,-1
3,4,0.1,326,322,315,1
3,3,0.1,322,314,311,1
3,3,0.1,131,139,214,-1
3,4,0.1,322,328,311,1
3,3,0.1,149,143,168,1
3,4,0.1,97,105,111,-1
3,4,0.1,319,325,167,-1
3,3,0.1,1,9,239,-1
3,4,0.1,68,64,120,1
3,3,0.1,128,132,138,-1
3,3,0.1,187,191,85,-1
3,4,0.1,272,264,70,1
3,4,0.1,82,78,63,-1
3,3,0.1,1,5,135,-1
3,4,0.1,232,238,31,-1
3,3,0.1,146,150,156,1
3,4,0.1,148,156,161,1
3,4,0.1,27,19,202,1
3,3,0.1,352,346,66,1
3,3,0.1,10,2,356,-1
3,3,0.1,65,59,194,-1
3,3,0.1,242,236,258,1
3,4,0.1,113,109,20,1
4,4,0.1,125,121,136,1
4,4,0.1,188,182,101,1
4,4,0.1,10,2,350,1
4,3,0.1,76,80,63,-1
4,3,0.1,138,146,157,1
4,4,0.1,124,130,137,1
4,3,0.1,83,77,67,1
4,4,0.1,267,275,129,-1
4,3,0.1,128,120,346,1
4,4,0.1,67,59,50,1
4,4,0.1,248,254,268,1
4,4,0.1,236,232,248,1
4,3,0.1,160,168,173,-1
4,4,0.1,292,286,217,-1
4,3,0.1,196,192,9,1
4,3,0.1,114,120,233,1
4,4,0.1,288,292,211,1
4,3,0.1,220,212,42,-1
4,3,0.1,18,24,240,-1
4,3,0.1,96,92,282,1
4,3,0.1,308,302,293,-1
4,3,0.1,65,69,48,-1
4,4,0.1,111,119,231,1
4,4,0.1,169,173,255,1
4,4,0.1,247,241,263,-1
4,4,0.1,193,201,287,-1
4,4,0.1,189,183,97,1
4,3,0.1,109,105,248,1
4,4,0.1,53,61,41,-1
4,4,0.1,182,186,199,-1
4,3,0.1,149,141,307,1
4,4,0.1,337,331,325,-1
4,4,0.1,335,343,321,-1
4,3,0.1,290,286,275,1
4,3,0.1,248,240,262,1
4,4,0.1,37,31,266,-1
4,3,0.1,333,339,321,-1
4,3,0.1,345,351,87,-1
4,3,0.1,316,308,300,-1
4,3,0.1,310,302,57,1
4,4,0.1,16,20,85,-1
4,4,0.1,122,130,248,0
4,3,0.1,329,325,115,-1
4,3,0.1,80,76,66,1
4,4,0.1,247,241,261,1
4,4,0.1,288,292,191,-1
4,3,0.1,246,238,264,1
4,3,0.1,292,298,278,-1
4,4,0.1,231,235,250,-1
4,3,0.1,276,282,6,-1
4,4,0.1,69,73,58,-1
4,3,0.1,127,133,145,1
4,3,0.1,195,201,212,-1
4,3,0.1,101,97,117,1
4,4,0.1,127,119,230,1
4,4,0.1,175,171,104,-1
4,3,0.1,17,25,357,-1
4,3,0.1,125,133,299,0
4,4,0.1,59,65,225,-1
4,3,0.1,221,215,89,1
4,4,0.1,179,171,197,1
4,4,0.1,280,276,63,-1
4,4,0.1,182,188,357,0
4,4,0.1,356,350,341,0
4,4,0.1,101,93,117,1
4,3,0.1,189,197,205,1
4,4,0.1,73,77,60,1
4,3,0.1,351,355,192,-1
4,3,0.1,240,248,315,-1
4,4,0.1,51,43,214,-1
4,3,0.1,288,296,273,-1
4,3,0.1,262,256,133,1
4,3,0.1,81,85,166,-1
4,3,0.1,252,248,270,1
4,4,0.1,308,302,292,1
4,4,0.1,177,173,30,1
4,4,0.1,74,80,59,-1
4,3,0.1,208,216,50,-1
4,3,0.1,139,133,152,1
4,3,0.1,33,25,17,1
4,3,0.1,329,337,102,-1
4,3,0.1,53,57,139,-1
4,4,0.1,235,231,43,-1
4,4,0.1,300,306,241,-1
4,4,0.1,234,242,245,-1
4,4,0.1,311,317,108,-1
4,4,0.1,198,190,28,1
4,4,0.1,150,158,163,1
4,3,0.1,325,317,307,1
4,3,0.1,245,239,262,0
4,3,0.1,142,136,357,1
4,3,0.1,138,142,148,-1
4,4,0.1,342,338,328,0
4,3,0.1,133,137,215,1
4,3,0.1,349,343,94,1
4,4,0.1,340,332,121,1
4,4,0.1,344,350,329,-1
4,3,0.1,231,235,246,-1
4,4,0.1,283,279,271,-1
5,3,0.1,186,194,197,-1
5,4,0.1,203,211,43,-1
5,4,0.1,319,311,307,1
5,3,0.1,342,338,164,-1
5,3,0.1,252,244,171,1
5,3,0.1,47,43,160,1
5,4,0.1,247,241,81,-1
5,3,0.1,163,155,311,1
5,4,0.1,20,28,132,-1
5,4,0.1,78,72,323,1
5,4,0.1,50,42,35,1
5,4,0.1,79,83,288,1
5,3,0.1,234,242,249,1
5,3,0.1,290,296,183,-1
5,4,0.1,163,169,174,1
5,3,0.1,344,350,148,-1
5,4,0.1,260,264,66,-1
5,3,0.1,346,350,332,-1
5,4,0.1,103,99,117,1
5,3,0.1,298,292,284,-1
5,3,0.1,72,76,60,-1
5,3,0.1,354,348,335,-1
5,4,0.1,223,229,238,-1
5,4,0.1,143,139,161,1
5,4,0.1,195,189,335,1
5,3,0.1,53,59,39,-1
5,4,0.1,158,162,225,1
5,3,0.1,30,36,115,-1
5,3,0.1,302,294,116,1
5,4,0.1,176,180,188,-1
5,4,0.1,213,221,299,-1
5,3,0.1,150,142,161,1
5,4,0.1,35,43,18,-1
5,4,0.1,149,153,349,1
5,3,0.1,121,117,356,1
5,3,0.1,336,328,112,1
5,4,0.1,146,154,162,1
5,3,0.1,240,232,252,1
5,4,0.1,215,209,228,-1
5,4,0.1,115,109,130,1
5,3,0.1,342,348,186,-1
5,3,0.1,65,61,45,1
5,4,0.1,249,243,333,-1
5,3,0.1,318,314,197,-1
5,3,0.1,25,31,15,-1
5,3,0.1,37,33,26,1
5,4,0.1,52,60,248,-1
5,4,0.1,60,68,49,-1
5,4,0.1,127,131,142,1
5,3,0.1,210,214,296,-1
5,3,0.1,110,104,334,1
5,4,0.1,88,82,76,1
5,3,0.1,132,140,324,1
5,3,0.1,46,40,230,1
5,4,0.1,86,82,193,1
5,3,0.1,186,194,202,-1
5,3,0.1,121,129,28,1
5,4,0.1,303,295,287,-1
5,4,0.1,282,288,339,-1
5,4,0.1,36,42,149,-1
5,3,0.1,133,129,151,1
5,3,0.1,100,96,117,1
5,4,0.1,77,71,67,1
5,4,0.1,6,10,351,-1
5,4,0.1,300,292,24,1
5,4,0.1,143,135,163,1
5,4,0.1,299,295,130,-1
5,3,0.1,90,98,80,-1
5,4,0.1,134,126,152,1
5,3,0.1,55,63,45,-1
5,3,0.1,252,258,267,-1
5,3,0.1,196,200,22,-1
5,4,0.1,291,295,280,-1
5,3,0.1,107,113,117,-1
5,4,0.1,251,243,120,1
5,3,0.1,170,174,190,-1
5,4,0.1,21,17,304,1
5,4,0.1,132,124,328,1
5,4,0.1,37,33,22,-1
5,4,0.1,126,132,48,1
5,4,0.1,249,257,267,-1
5,3,0.1,294,298,82,-1
5,3,0.1,122,116,206,1
5,3,0.1,171,165,190,1
5,3,0.1,216,224,342,-1
5,3,0.1,174,168,187,1
5,4,0.1,324,330,304,-1
5,4,0.1,142,134,353,1
5,3,0.1,83,75,71,1
5,3,0.1,21,29,276,1
5,3,0.1,323,327,224,-1
5,3,0.1,209,203,65,1
5,4,0.1,22,28,262,-1
5,4,0.1,295,301,281,-1
5,4,0.1,320,316,30,-1
5,4,0.1,230,238,244,-1
5,3,0.1,356,348,345,1
5,4,0.1,338,334,325,-1
5,3,0.1,225,229,239,-1
6,4,0.1,243,239,256,1
6,3,0.1,122,130,136,1
6,4,0.1,122,118,137,1
6,3,0.1,165,161,253,1
6,4,0.1,290,284,143,-1
6,3,0.1,321,325,308,-1
6,3,0.1,168,160,340,1
6,4,0.1,219,227,2,-1
6,3,0.1,166,174,178,1
6,3,0.1,136,132,33,1
6,4,0.1,11,3,353,-1
6,3,0.1,23,27,3,-1
6,4,0.1,117,123,133,1
6,4,0.1,174,180,185,1
6,3,0.1,71,65,52,-1
6,4,0.1,310,314,14,-1
6,4,0.1,326,334,269,-1
6,3,0.1,63,55,289,-1
6,4,0.1,339,343,143,-1
6,3,0.1,40,34,20,-1
6,3,0.1,3,9,160,-1
6,3,0.1,69,75,169,-1
6,4,0.1,321,313,307,-1
6,4,0.1,82,76,269,1
6,3,0.1,152,144,172,1
6,3,0.1,16,12,3,-1
6,3,0.1,346,352,334,-1
6,3,0.1,113,109,331,1
6,3,0.1,54,50,37,-1
6,4,0.1,50,58,346,-1
6,3,0.1,240,246,100,-1
6,3,0.1,209,201,228,1
6,4,0.1,228,222,39,1
6,3,0.1,350,346,120,-1
6,4,0.1,230,224,250,1
6,4,0.1,56,64,37,-1
6,4,0.1,349,357,334,-1
6,3,0.1,216,222,43,1
6,4,0.1,321,325,129,-1
6,4,0.1,22,30,199,-1
6,3,0.1,115,107,246,1
6,4,0.1,184,188,200,1
6,3,0.1,300,306,285,-1
6,3,0.1,66,58,308,-1
6,4,0.1,256,250,269,1
6,4,0.1,283,277,148,1
6,4,0.1,274,278,197,1
6,4,0.1,242,246,252,1
6,3,0.1,120,114,288,1
6,3,0.1,125,133,342,1
6,4,0.1,209,201,307,1
6,3,0.1,330,338,236,-1
6,4,0.1,10,14,355,-1
6,3,0.1,21,15,190,-1
6,3,0.1,158,154,170,1
6,4,0.1,217,223,9,-1
6,4,0.1,44,40,282,-1
6,3,0.1,244,240,260,1
6,4,0.1,158,150,173,1
6,3,0.1,32,40,21,-1
6,4,0.1,160,152,7,1
6,4,0.1,204,210,258,1
6,4,0.1,19,13,6,-1
6,4,0.1,156,148,174,1
6,3,0.1,148,154,164,1
6,3,0.1,290,298,272,-1
6,4,0.1,32,36,17,-1
6,3,0.1,143,149,159,1
6,3,0.1,4,8,197,-1
6,4,0.1,89,83,74,-1
6,3,0.1,11,15,190,-1
6,4,0.1,293,289,5,-1
6,4,0.1,167,163,272,1
6,3,0.1,99,103,237,-1
6,3,0.1,342,334,330,-1
6,3,0.1,308,316,192,-1
6,3,0.1,197,191,215,1
6,3,0.1,94,102,343,1
6,4,0.1,125,133,143,1
6,4,0.1,328,324,311,-1
6,3,0.1,85,79,194,1
6,4,0.1,349,355,208,-1
6,4,0.1,321,327,308,-1
6,4,0.1,61,57,49,-1
6,3,0.1,135,139,154,1
6,4,0.1,318,324,307,-1
6,3,0.1,114,118,130,1
6,4,0.1,82,88,238,-1
6,4,0.1,204,200,138,1
6,3,0.1,298,290,278,-1
6,3,0.1,359,353,135,-1
6,3,0.1,304,308,155,-1
6,4,0.1,192,200,212,1
6,3,0.1,156,150,172,1
6,4,0.1,353,345,149,-1
6,4,0.1,195,187,42,1
7,4,0.1,305,297,287,-1
7,4,0.1,49,43,128,-1
7,4,0.1,208,214,221,1
7,4,0.1,96,90,37,1
7,4,0.1,121,127,139,1
7,3,0.1,196,202,2,-1
7,3,0.1,158,166,174,-1
7,3,0.1,178,174,337,1
7,4,0.1,172,180,88,1
7,3,0.1,165,161,68,1
7,4,0.1,126,134,353,1
7,4,0.1,302,306,4,-1
7,3,0.1,305,297,138,1
7,3,0.1,85,89,69,-1
7,4,0.1,285,289,79,-1
7,3,0.1,342,334,249,-1
7,3,0.1,214,220,289,-1
7,3,0.1,58,52,44,-1
7,4,0.1,144,140,156,1
7,3,0.1,161,169,178,-1
7,4,0.1,288,280,271,-1
7,3,0.1,340,334,326,1
7,3,0.1,335,339,325,-1
7,4,0.1,251,247,268,1
7,3,0.1,111,103,125,1
7,3,0.1,16,22,293,-1
7,4,0.1,122,126,141,-1
7,3,0.1,236,228,47,1
7,3,0.1,239,231,252,1
7,3,0.1,27,33,9,-1
7,3,0.1,18,24,213,-1
7,3,0.1,250,246,24,-1
7,3,0.1,352,348,334,-1
7,4,0.1,35,43,266,-1
7,4,0.1,216,220,226,1
7,4,0.1,199,193,214,1
7,4,0.1,40,48,20,-1
7,3,0.1,73,65,229,1
7,4,0.1,103,107,170,1
7,4,0.1,65,73,356,-1
7,4,0.1,222,216,236,1
7,3,0.1,306,302,109,-1
7,4,0.1,47,55,35,-1
7,4,0.1,136,130,290,1
7,3,0.1,302,308,282,-1
7,4,0.1,294,298,143,-1
7,4,0.1,245,253,261,1
7,4,0.1,260,254,160,1
7,3,0.1,351,347,334,-1
7,3,0.1,106,112,118,1
7,4,0.1,352,356,337,-1
7,4,0.1,92,98,267,-1
7,4,0.1,203,199,40,1
7,4,0.1,5,11,266,-1
7,4,0.1,215,207,21,1
7,3,0.1,43,51,28,-1
7,3,0.1,114,120,131,-1
7,3,0.1,200,194,301,1
7,4,0.1,292,288,96,-1
7,3,0.1,274,268,191,0
7,4,0.1,164,156,177,1
7,4,0.1,235,227,250,1
7,3,0.1,239,243,116,-1
7,4,0.1,23,27,9,-1
7,3,0.1,21,29,10,-1
7,4,0.1,206,198,153,1
7,3,0.1,125,133,352,1
7,3,0.1,110,116,120,-1
7,4,0.1,312,306,301,-1
7,3,0.1,79,83,275,1
7,3,0.1,148,144,162,0
7,4,0.1,318,312,308,-1
7,3,0.1,115,111,128,-1
7,3,0.1,90,98,235,-1
7,3,0.1,65,57,53,1
7,4,0.1,8,4,356,-1
7,4,0.1,300,292,29,1
7,4,0.1,38,30,123,1
7,3,0.1,166,160,181,1
7,3,0.1,188,182,80,1
7,3,0.1,318,312,306,-1
7,3,0.1,59,67,310,-1
7,3,0.1,147,141,165,1
7,4,0.1,173,179,86,-1
7,3,0.1,198,202,216,1
7,3,0.1,334,326,324,1
7,4,0.1,199,207,216,1
7,4,0.1,136,132,205,1
7,4,0.1,6,12,351,-1
7,3,0.1,296,304,32,-1
7,4,0.1,306,302,286,-1
7,4,0.1,92,100,104,-1
7,3,0.1,246,250,259,-1
7,3,0.1,99,103,341,1
7,4,0.1,195,201,56,1
7,3,0.1,333,337,58,-1
7,3,0.1,222,216,11,1
7,4,0.1,96,92,181,1
7,4,0.1,328,334,309,-1
8,4,0.1,135,141,146,1
8,3,0.1,228,234,329,-1
8,4,0.1,178,174,193,-1
8,4,0.1,309,301,290,-1
8,4,0.1,99,105,118,1
8,3,0.1,349,353,333,-1
8,3,0.1,301,307,26,-1
8,3,0.1,327,323,127,-1
8,4,0.1,126,120,24,1
8,4,0.1,272,280,64,1
8,3,0.1,316,312,107,1
8,4,0.1,55,59,266,-1
8,4,0.1,87,79,72,-1
8,3,0.1,262,254,173,-1
8,4,0.1,185,181,198,1
8,3,0.1,0,4,343,-1
8,3,0.1,312,304,237,-1
8,3,0.1,39,33,29,-1
8,4,0.1,82,76,314,-1
8,3,0.1,316,310,300,-1
8,3,0.1,248,256,265,-1
8,3,0.1,248,256,262,-1
8,4,0.1,205,209,31,-1
8,4,0.1,145,153,269,-1
8,3,0.1,249,241,264,1
8,3,0.1,345,341,157,-1
8,3,0.1,111,107,324,1
8,4,0.1,294,302,276,-1
8,3,0.1,55,61,39,-1
8,4,0.1,220,228,318,1
8,3,0.1,168,174,291,-1
8,4,0.1,178,172,193,-1
8,4,0.1,247,241,164,-1
8,4,0.1,68,76,48,-1
8,3,0.1,333,329,318,-1
8,3,0.1,22,28,6,1
8,3,0.1,167,159,93,-1
8,4,0.1,226,230,243,-1
8,3,0.1,189,181,207,-1
8,3,0.1,73,79,215,-1
8,4,0.1,9,3,197,1
8,3,0.1,77,69,61,-1
8,4,0.1,21,25,272,1
8,4,0.1,200,208,40,-1
8,3,0.1,323,319,312,-1
8,4,0.1,53,57,267,1
8,3,0.1,202,194,13,1
8,4,0.1,254,258,264,-1
8,4,0.1,246,240,258,-1
8,4,0.1,321,325,302,-1
8,4,0.1,232,224,244,1
8,4,0.1,292,296,276,1
8,3,0.1,121,115,310,1
8,4,0.1,80,74,63,-1
8,3,0.1,116,112,133,1
8,3,0.1,299,303,204,-1
8,3,0.1,174,178,352,-1
8,4,0.1,304,298,290,1
8,4,0.1,354,350,217,1
8,3,0.1,128,122,230,1
8,3,0.1,203,209,217,1
8,4,0.1,220,226,321,-1
8,3,0.1,320,328,303,-1
8,3,0.1,215,221,232,1
8,4,0.1,219,225,282,-1
8,3,0.1,215,211,233,1
8,4,0.1,14,6,213,1
8,4,0.1,26,18,185,1
8,3,0.1,331,339,313,-1
8,3,0.1,117,125,287,1
8,4,0.1,203,195,215,-1
8,4,0.1,312,308,60,1
8,3,0.1,6,14,247,-1
8,4,0.1,319,325,306,-1
8,3,0.1,295,289,143,-1
8,3,0.1,115,109,341,1
8,4,0.1,47,53,30,-1
8,3,0.1,340,332,328,-1
8,4,0.1,200,208,217,1
8,3,0.1,128,122,146,1
8,4,0.1,42,34,212,1
8,4,0.1,312,304,165,1
8,4,0.1,235,241,294,-1
8,4,0.1,9,15,99,1
8,4,0.1,325,321,311,-1
8,3,0.1,280,288,176,-1
8,3,0.1,97,105,294,1
8,4,0.1,223,231,242,-1
8,3,0.1,202,206,328,1
8,4,0.1,108,104,330,1
8,4,0.1,101,97,172,1
8,3,0.1,162,166,182,-1
8,3,0.1,175,169,186,-1
8,3,0.1,87,79,72,1
8,3,0.1,14,18,101,-1
8,4,0.1,322,318,304,-1
8,3,0.1,252,256,268,1
1,4,0.1,33,37,43,-1
1,3,0.1,168,164,152,1
1,4,0.1,299,303,313,-1
1,4,0.1,149,157,137,-1
1,3,0.1,259,265,247,-1
1,4,0.1,114,108,102,1
1,3,0.1,279,271,295,1
1,4,0.1,287,281,302,-1
1,4,0.1,316,324,332,1
1,4,0.1,141,149,127,-1
1,3,0.1,139,135,127,1
1,3,0.1,210,216,193,-1
1,3,0.1,308,300,322,-1
1,4,0.1,311,305,330,-1
1,4,0.1,6,12,25,-1
1,4,0.1,173,165,156,1
1,3,0.1,146,150,135,-1
1,3,0.1,157,151,146,1
1,3,0.1,194,198,179,-1
1,3,0.1,252,246,235,-1
1,3,0.1,288,296,301,-1
1,4,0.1,22,18,42,-1
1,4,0.1,337,343,349,1
1,3,0.1,56,64,70,-1
1,4,0.1,4,0,15,-1
1,4,0.1,160,152,148,1
1,3,0.1,311,315,325,1
1,3,0.1,190,182,174,1
1,4,0.1,197,203,181,-1
1,4,0.1,131,127,117,1
1,4,0.1,197,193,179,1
1,4,0.1,264,270,249,-1
1,3,0.1,216,208,201,1
1,4,0.1,25,33,43,-1
1,3,0.1,339,343,350,1
1,3,0.1,295,289,313,-1
1,4,0.1,37,45,50,-1
1,3,0.1,24,18,39,1
1,4,0.1,205,199,193,1
1,4,0.1,110,114,98,1
1,4,0.1,55,47,74,1
1,3,0.1,242,250,224,-1
1,4,0.1,42,34,59,1
1,3,0.1,268,276,252,-1
1,4,0.1,217,211,199,1
1,4,0.1,181,185,166,-1
1,3,0.1,288,294,299,-1
1,3,0.1,7,3,24,1
1,3,0.1,10,6,25,1
1,3,0.1,70,76,89,-1
2,4,0.1,161,169,146,-1
2,3,0.1,319,325,331,1
2,3,0.1,227,233,210,-1
2,4,0.1,295,299,314,-1
2,3,0.1,13,5,24,1
2,3,0.1,161,157,150,-1
2,4,0.1,326,330,341,1
2,3,0.1,345,337,3,1
2,4,0.1,276,270,292,1
2,3,0.1,189,185,174,1
2,4,0.1,186,194,168,-1
2,3,0.1,180,186,163,-1
2,4,0.1,21,15,40,1
2,4,0.1,27,23,42,-1
2,4,0.1,135,127,124,1
2,4,0.1,357,353,11,-1
2,3,0.1,172,176,155,-1
2,3,0.1,269,273,257,1
2,3,0.1,131,125,119,1
2,3,0.1,302,310,321,-1
2,4,0.1,321,327,333,-1
2,3,0.1,255,249,237,-1
2,4,0.1,209,201,191,-1
2,4,0.1,12,18,26,-1
2,3,0.1,67,75,83,-1
2,3,0.1,291,295,311,-1
2,4,0.1,232,238,214,-1
2,3,0.1,275,269,292,1
2,3,0.1,280,284,297,-1
2,3,0.1,222,214,206,1
2,3,0.1,29,23,44,-1
2,4,0.1,223,229,209,1
2,3,0.1,120,112,103,1
2,4,0.1,348,356,7,-1
2,4,0.1,126,122,109,-1
2,4,0.1,264,260,253,1
2,4,0.1,272,280,291,-1
2,3,0.1,141,149,123,-1
2,4,0.1,25,17,36,1
2,4,0.1,258,252,238,1
2,3,0.1,134,142,122,1
2,4,0.1,152,156,132,-1
2,3,0.1,356,352,8,1
2,3,0.1,54,60,69,-1
2,4,0.1,211,205,194,-1
2,4,0.1,190,194,178,-1
2,4,0.1,313,305,323,-1
2,3,0.1,10,16,22,-1
2,3,0.1,315,311,331,1
3,3,0.1,276,268,294,1
3,3,0.1,343,335,3,-1
3,4,0.1,208,216,192,1
3,3,0.1,113,109,98,1
3,3,0.1,124,120,104,1
3,3,0.1,252,258,237,1
3,3,0.1,228,234,210,-1
3,4,0.1,70,64,86,1
3,4,0.1,41,35,58,1
3,4,0.1,205,213,193,-1
3,4,0.1,290,294,309,1
3,4,0.1,309,313,327,1
3,4,0.1,18,24,29,1
3,3,0.1,210,214,195,-1
3,3,0.1,138,142,126,-1
3,4,0.1,117,109,97,1
3,4,0.1,43,39,53,-1
3,4,0.1,51,57,67,-1
3,4,0.1,301,297,316,1
3,3,0.1,232,226,221,1
3,3,0.1,345,353,356,-1
3,4,0.1,206,198,189,1
3,3,0.1,129,123,115,1
3,3,0.1,345,353,359,-1
3,3,0.1,49,53,60,-1
3,4,0.1,139,135,121,1
3,3,0.1,330,334,342,-1
3,4,0.1,155,151,138,-1
3,4,0.1,319,327,332,-1
3,4,0.1,133,139,120,-1
3,3,0.1,152,144,135,1
3,4,0.1,345,353,358,-1
3,4,0.1,258,264,244,-1
3,3,0.1,293,287,308,1
3,3,0.1,357,351,11,1
3,3,0.1,133,125,120,1
3,4,0.1,357,349,15,1
3,4,0.1,196,190,180,1
3,4,0.1,202,206,182,-1
3,3,0.1,355,351,7,-1
3,3,0.1,27,23,38,1
3,3,0.1,10,16,26,-1
3,3,0.1,58,64,73,-1
3,4,0.1,47,39,65,-1
3,4,0.1,228,232,210,-1
3,3,0.1,199,207,182,-1
3,4,0.1,159,153,148,1
3,3,0.1,131,139,114,-1
4,4,0.1,14,8,32,1
4,3,0.1,308,300,322,1
4,4,0.1,328,332,341,-1
4,3,0.1,206,202,187,1
4,3,0.1,236,242,220,-1
4,4,0.1,155,163,145,-1
4,3,0.1,121,127,104,-1
4,4,0.1,64,68,78,-1
4,4,0.1,18,12,31,1
4,4,0.1,227,235,211,-1
4,3,0.1,283,275,299,1
4,3,0.1,247,243,237,1
4,4,0.1,152,144,135,0
4,3,0.1,111,105,98,1
4,4,0.1,28,24,46,-1
4,4,0.1,325,331,337,-1
4,4,0.1,139,131,126,1
4,3,0.1,182,186,171,1
4,3,0.1,194,188,175,1
4,3,0.1,300,308,316,-1
4,3,0.1,262,266,251,-1
4,4,0.1,294,300,313,-1
4,4,0.1,356,352,10,1
4,3,0.1,47,55,64,-1
4,4,0.1,233,229,221,1
4,3,0.1,314,308,333,1
4,3,0.1,270,262,256,1
4,4,0.1,109,115,95,-1
4,4,0.1,250,256,237,-1
4,3,0.1,310,304,325,-1
4,3,0.1,322,326,338,-1
4,4,0.1,299,307,314,-1
4,3,0.1,205,197,189,1
4,4,0.1,113,109,99,1
4,3,0.1,22,26,35,-1
4,4,0.1,327,335,346,-1
4,3,0.1,17,25,33,1
4,4,0.1,319,311,335,1
4,4,0.1,115,119,96,1
4,3,0.1,17,23,32,-1
4,3,0.1,42,38,52,-1
4,3,0.1,50,56,68,-1
4,3,0.1,148,156,129,-1
4,4,0.1,158,162,139,-1
4,4,0.1,137,131,120,1
4,4,0.1,227,221,214,-1
4,4,0.1,349,341,1,1
4,3,0.1,284,280,299,-1
4,3,0.1,164,172,150,-1
5,3,0.1,234,230,221,-1
5,4,0.1,116,124,106,1
5,4,0.1,130,138,110,1
5,3,0.1,269,275,250,-1
5,4,0.1,8,2,20,1
5,4,0.1,336,340,347,-1
5,3,0.1,130,136,113,1
5,4,0.1,333,337,349,-1
5,3,0.1,314,306,330,1
5,4,0.1,289,283,305,1
5,3,0.1,125,121,107,1
5,3,0.1,14,6,30,1
5,3,0.1,172,176,162,-1
5,4,0.1,295,291,310,1
5,3,0.1,175,169,158,1
5,4,0.1,59,55,77,-1
5,3,0.1,344,352,358,-1
5,4,0.1,324,330,337,-1
5,3,0.1,185,189,173,-1
5,4,0.1,30,36,48,-1
5,3,0.1,125,119,111,1
5,4,0.1,194,186,181,-1
5,4,0.1,162,154,146,1
5,3,0.1,35,43,46,-1
5,4,0.1,76,82,88,1
5,3,0.1,306,300,324,1
5,3,0.1,202,194,186,-1
5,4,0.1,132,138,112,1
5,4,0.1,226,222,216,-1
5,4,0.1,287,295,303,-1
5,3,0.1,198,190,185,1
5,4,0.1,232,228,214,-1
5,4,0.1,296,304,309,-1
5,3,0.1,292,296,312,-1
5,3,0.1,34,38,51,-1
5,3,0.1,321,315,332,1
5,4,0.1,132,138,116,1
5,3,0.1,281,277,293,1
5,3,0.1,23,19,42,1
5,4,0.1,214,208,201,-1
5,3,0.1,206,214,195,-1
5,4,0.1,17,9,36,1
5,4,0.1,187,191,173,-1
5,3,0.1,141,149,126,1
5,3,0.1,6,12,21,-1
5,4,0.1,316,308,335,1
5,4,0.1,229,223,214,-1
5,4,0.1,142,146,130,1
5,3,0.1,305,311,320,-1
6,3,0.1,167,163,148,1
6,3,0.1,279,271,297,1
6,3,0.1,166,172,150,1
6,4,0.1,294,288,312,1
6,3,0.1,151,157,136,1
6,4,0.1,324,328,340,-1
6,4,0.1,152,160,140,1
6,4,0.1,301,295,313,-1
6,4,0.1,157,165,137,1
6,4,0.1,6,10,17,-1
6,3,0.1,233,229,216,1
6,3,0.1,303,295,316,1
6,3,0.1,180,184,166,1
6,3,0.1,305,313,318,-1
6,4,0.1,69,65,87,-1
6,4,0.1,330,326,341,-1
6,3,0.1,250,244,239,-1
6,3,0.1,194,198,183,1
6,4,0.1,317,323,336,-1
6,4,0.1,15,21,26,-1
6,4,0.1,140,132,126,1
6,3,0.1,2,10,21,-1
6,4,0.1,228,220,216,1
6,3,0.1,210,204,193,1
6,3,0.1,249,241,235,1
6,4,0.1,187,193,167,1
6,4,0.1,47,55,61,-1
6,4,0.1,53,61,67,-1
6,3,0.1,32,36,45,-1
6,4,0.1,157,153,143,1
6,4,0.1,106,112,91,1
6,3,0.1,40,34,52,-1
6,3,0.1,304,308,321,1
6,4,0.1,115,111,104,-1
6,3,0.1,130,122,118,1
6,3,0.1,351,345,7,1
6,3,0.1,277,273,292,1
6,4,0.1,215,219,202,1
6,4,0.1,308,300,324,1
6,3,0.1,328,334,346,-1
6,3,0.1,64,60,79,1
6,4,0.1,243,247,225,-1
6,4,0.1,314,306,332,-1
6,3,0.1,136,144,123,1
6,4,0.1,105,99,94,1
6,3,0.1,272,278,282,1
6,3,0.1,127,135,111,-1
6,4,0.1,242,236,229,1
7,3,0.1,186,192,168,1
7,4,0.1,232,240,214,-1
7,3,0.1,300,292,319,-1
7,3,0.1,174,166,158,-1
7,4,0.1,9,3,27,-1
7,3,0.1,112,108,93,1
7,4,0.1,351,345,5,-1
7,3,0.1,352,344,7,1
7,4,0.1,69,73,82,-1
7,3,0.1,116,112,100,1
7,4,0.1,183,191,166,1
7,4,0.1,285,289,299,-1
7,3,0.1,158,164,138,1
7,4,0.1,70,76,88,-1
7,4,0.1,4,0,23,-1
7,3,0.1,310,318,320,-1
7,3,0.1,285,293,296,-1
7,4,0.1,145,137,126,-1
7,3,0.1,181,185,162,-1
7,3,0.1,259,263,243,-1
7,4,0.1,29,35,42,1
7,3,0.1,254,248,236,1
7,4,0.1,306,302,317,-1
7,4,0.1,261,253,245,1
7,3,0.1,118,112,106,1
7,3,0.1,306,310,324,-1
7,3,0.1,289,283,308,-1
7,3,0.1,156,148,141,1
7,4,0.1,254,260,237,0
7,3,0.1,31,25,48,-1
7,4,0.1,172,168,154,1
7,4,0.1,269,265,251,-1
7,4,0.1,6,14,19,-1
7,4,0.1,151,157,137,1
7,3,0.1,45,49,60,1
7,4,0.1,10,18,29,-1
7,3,0.1,204,196,190,1
7,4,0.1,216,220,200,1
7,4,0.1,130,124,113,1
7,3,0.1,306,312,318,-1
7,4,0.1,52,44,72,-1
7,3,0.1,235,243,217,-1
7,3,0.1,40,46,58,-1
7,3,0.1,343,339,357,-1
7,3,0.1,63,59,76,-1
7,3,0.1,217,225,197,1
7,4,0.1,187,191,175,1
7,4,0.1,234,228,221,-1
7,4,0.1,292,284,310,-1
8,4,0.1,257,265,238,-1
8,4,0.1,350,354,5,1
8,3,0.1,188,184,169,-1
8,3,0.1,264,270,249,-1
8,3,0.1,210,206,194,1
8,4,0.1,209,217,192,-1
8,4,0.1,277,281,297,-1
8,3,0.1,341,333,356,1
8,4,0.1,50,44,68,1
8,3,0.1,257,263,239,-1
8,4,0.1,331,325,342,-1
8,3,0.1,339,331,350,-1
8,4,0.1,346,352,1,-1
8,4,0.1,22,18,40,-1
8,4,0.1,127,119,108,1
8,4,0.1,191,183,179,-1
8,3,0.1,140,144,128,-1
8,3,0.1,164,158,154,1
8,4,0.1,351,347,3,1
8,3,0.1,23,31,36,-1
8,3,0.1,61,69,77,-1
8,3,0.1,207,211,192,1
8,3,0.1,145,139,134,-1
8,4,0.1,67,73,84,-1
8,4,0.1,338,346,352,1
8,4,0.1,40,48,51,-1
8,3,0.1,132,124,121,1
8,4,0.1,189,195,174,-1
8,4,0.1,190,196,176,-1
8,3,0.1,235,227,221,-1
8,4,0.1,117,113,97,1
8,3,0.1,342,336,353,1
8,4,0.1,218,214,205,-1
8,3,0.1,69,63,85,1
8,3,0.1,271,275,290,-1
8,3,0.1,349,353,3,-1
8,3,0.1,313,319,324,-1
8,4,0.1,165,169,153,-1
8,4,0.1,135,129,117,1
8,4,0.1,239,243,226,-1
8,3,0.1,57,53,77,-1
8,3,0.1,188,196,177,-1
8,4,0.1,308,300,321,-1
8,3,0.1,282,288,296,-1
8,4,0.1,201,195,181,1
8,4,0.1,8,0,24,1
8,3,0.1,256,264,238,-1
8,3,0.1,323,319,341,1
1,3,1,156,162,35,1
1,4,1,248,242,168,-1
1,4,1,208,214,227,-1
1,4,1,99,93,182,1
1,4,1,334,326,322,1
1,4,1,146,142,162,1
1,3,1,270,266,90,1
1,4,1,181,187,200,-1
1,3,1,29,23,18,-1
1,3,1,68,72,56,-1
1,3,1,171,179,190,-1
1,3,1,119,115,27,1
1,4,1,137,141,191,-1
1,4,1,5,13,312,-1
1,3,1,13,5,126,-1
1,4,1,78,82,209,-1
1,3,1,28,34,131,-1
1,3,1,310,314,291,1
1,4,1,39,31,26,1
1,4,1,63,71,312,-1
1,3,1,328,320,240,-1
1,3,1,42,36,30,1
1,4,1,222,218,234,1
1,3,1,195,203,208,-1
1,4,1,345,353,332,-1
1,4,1,216,220,230,-1
1,3,1,126,132,138,1
1,4,1,256,250,269,1
1,3,1,208,204,320,1
1,4,1,75,83,135,-1
1,4,1,153,157,168,-1
1,3,1,231,223,247,1
1,3,1,49,45,38,1
1,4,1,229,223,67,-1
1,4,1,225,219,26,-1
1,3,1,310,302,294,-1
1,4,1,168,162,183,1
1,3,1,318,324,304,-1
1,4,1,301,309,86,-1
1,3,1,305,311,107,-1
1,3,1,233,225,250,1
1,3,1,345,341,334,-1
1,3,1,157,149,279,1
1,4,1,93,97,307,1
1,4,1,50,58,38,-1
1,3,1,301,293,285,-1
1,4,1,96,100,178,1
1,3,1,70,76,59,-1
1,3,1,48,40,309,-1
1,3,1,255,261,140,-1
1,3,1,158,154,59,1
1,3,1,33,37,223,-1
1,4,1,40,44,28,-1
1,3,1,48,56,156,-1
1,4,1,134,130,274,1
1,4,1,359,355,279,1
1,4,1,70,74,59,1
1,3,1,262,256,30,1
1,3,1,329,323,185,-1
1,3,1,351,359,332,-1
1,4,1,143,135,157,1
1,4,1,77,71,63,1
1,4,1,18,10,2,-1
1,4,1,44,36,155,-1
1,3,1,50,58,32,-1
1,4,1,128,120,141,1
1,3,1,148,144,160,1
1,3,1,205,211,218,-1
1,3,1,104,108,196,1
1,4,1,296,290,286,-1
1,4,1,263,269,151,1
1,3,1,231,237,247,-1
1,4,1,336,342,88,1
1,3,1,107,103,125,1
1,4,1,46,38,228,-1
1,3,1,128,136,216,1
1,4,1,322,328,308,-1
1,3,1,170,164,184,1
1,3,1,101,105,246,1
1,4,1,7,13,88,-1
1,4,1,57,53,1,1
1,4,1,74,66,20,1
1,4,1,156,164,175,1
1,3,1,335,343,70,-1
1,3,1,133,137,152,-1
1,3,1,17,9,0,1
1,4,1,343,339,324,-1
1,4,1,90,96,80,-1
1,4,1,208,200,46,-1
1,3,1,189,183,19,1
1,3,1,126,130,145,1
1,3,1,299,291,282,1
1,4,1,201,209,220,-1
1,3,1,103,107,325,1
1,3,1,193,187,32,1
1,4,1,323,319,305,-1
1,3,1,25,33,264,1
1,3,1,158,152,177,1
1,4,1,231,237,159,-1
1,4,1,171,167,67,1
2,3,1,281,285,271,-1
2,4,1,12,4,353,-1
2,4,1,248,242,170,1
2,3,1,337,343,186,-1
2,4,1,186,182,205,-1
2,3,1,207,215,223,1
2,3,1,110,116,359,-1
2,3,1,232,228,19,1
2,4,1,37,41,215,-1
2,3,1,337,329,121,-1
2,4,1,31,39,207,-1
2,3,1,43,37,26,1
2,4,1,192,200,8,-1
2,4,1,135,129,271,1
2,3,1,263,259,15,1
2,4,1,142,138,158,1
2,3,1,76,80,63,-1
2,4,1,129,135,142,1
2,3,1,357,351,341,1
2,4,1,165,171,176,-1
2,4,1,37,29,21,1
2,3,1,30,22,142,-1
2,3,1,223,231,242,-1
2,4,1,303,307,42,-1
2,4,1,2,10,347,-1
2,3,1,354,346,189,1
2,4,1,225,219,243,1
2,3,1,292,288,277,1
2,3,1,252,244,270,1
2,3,1,79,75,307,-1
2,3,1,348,354,337,-1
2,4,1,299,293,215,1
2,4,1,52,60,103,-1
2,3,1,335,341,325,-1
2,4,1,225,219,242,1
2,3,1,359,355,339,1
2,3,1,121,113,135,1
2,4,1,82,90,66,-1
2,4,1,149,157,77,1
2,3,1,248,254,17,-1
2,3,1,315,307,172,1
2,4,1,248,252,167,-1
2,3,1,111,117,123,1
2,4,1,100,104,112,1
2,4,1,331,335,62,-1
2,3,1,6,12,237,-1
2,4,1,257,261,268,-1
2,4,1,117,111,18,-1
2,3,1,136,132,263,1
2,4,1,320,324,308,-1
2,4,1,201,207,18,-1
2,4,1,289,295,351,-1
2,3,1,231,237,245,1
2,4,1,179,171,191,1
2,4,1,51,45,32,-1
2,3,1,109,115,119,-1
2,3,1,107,103,123,1
2,3,1,156,160,28,-1
2,4,1,81,75,64,1
2,3,1,129,123,340,1
2,4,1,252,244,262,1
2,3,1,308,316,293,-1
2,3,1,306,300,122,1
2,3,1,315,323,220,-1
2,4,1,142,134,9,1
2,3,1,25,33,172,-1
2,4,1,90,86,36,1
2,3,1,196,192,209,1
2,3,1,337,341,178,-1
2,3,1,35,43,22,-1
2,4,1,273,269,204,1
2,4,1,3,7,351,-1
2,4,1,250,242,58,1
2,3,1,103,107,120,1
2,3,1,173,167,188,1
2,4,1,188,194,11,-1
2,3,1,67,59,49,-1
2,4,1,13,19,358,-1
2,3,1,78,82,351,-1
2,4,1,325,321,313,1
2,4,1,21,13,269,1
2,4,1,80,76,22,1
2,3,1,316,310,304,-1
2,3,1,118,112,130,1
2,4,1,39,45,207,-1
2,3,1,168,172,85,1
2,4,1,139,147,153,-1
2,4,1,330,336,318,-1
2,3,1,226,230,239,-1
2,3,1,320,328,225,-1
2,4,1,279,271,225,1
2,3,1,109,117,35,-1
2,3,1,60,54,200,-1
2,3,1,200,194,347,1
2,3,1,12,4,354,1
2,4,1,168,164,66,1
2,4,1,240,248,260,-1
2,4,1,293,289,280,1
3,4,1,251,247,266,1
3,3,1,65,57,203,1
3,4,1,198,206,61,-1
3,3,1,240,236,121,1
3,4,1,128,134,143,-1
3,4,1,211,219,137,-1
3,4,1,349,353,137,-1
3,3,1,329,325,238,1
3,3,1,342,336,327,1
3,3,1,127,135,141,-1
3,4,1,281,273,270,1
3,4,1,84,78,232,1
3,3,1,321,325,309,-1
3,4,1,142,138,159,1
3,3,1,324,330,45,-1
3,4,1,170,164,39,1
3,4,1,84,88,180,1
3,4,1,236,242,248,1
3,3,1,286,290,272,-1
3,4,1,36,28,21,1
3,3,1,338,344,80,-1
3,3,1,138,146,153,1
3,3,1,102,94,351,1
3,3,1,89,83,76,1
3,4,1,43,47,247,-1
3,4,1,155,149,173,1
3,4,1,19,27,0,-1
3,4,1,288,296,272,-1
3,3,1,46,42,35,-1
3,3,1,114,106,133,1
3,4,1,206,200,219,-1
3,3,1,41,33,276,1
3,3,1,190,182,204,1
3,3,1,55,47,255,1
3,3,1,144,140,237,1
3,4,1,343,337,331,-1
3,4,1,322,330,122,-1
3,3,1,200,196,71,1
3,4,1,237,241,252,-1
3,4,1,237,231,16,1
3,4,1,101,109,182,1
3,3,1,321,317,310,1
3,3,1,72,78,172,-1
3,4,1,18,12,200,-1
3,3,1,323,329,313,-1
3,3,1,326,332,307,-1
3,3,1,140,146,340,-1
3,4,1,141,145,160,1
3,4,1,110,114,270,-1
3,4,1,54,46,38,-1
3,3,1,234,242,334,-1
3,3,1,249,243,346,1
3,3,1,244,238,79,1
3,4,1,50,54,30,-1
3,4,1,219,211,2,1
3,4,1,344,350,81,-1
3,3,1,146,142,164,1
3,3,1,311,319,295,-1
3,3,1,234,238,335,-1
3,3,1,135,141,154,-1
3,4,1,45,41,338,-1
3,3,1,59,67,42,-1
3,3,1,183,187,42,-1
3,3,1,339,347,62,1
3,4,1,2,6,347,-1
3,4,1,350,344,332,1
3,4,1,347,341,334,1
3,4,1,192,188,3,1
3,4,1,173,165,187,1
3,3,1,178,174,196,1
3,4,1,51,43,321,-1
3,4,1,293,299,232,-1
3,4,1,204,196,221,1
3,3,1,184,190,199,-1
3,4,1,59,55,46,1
3,4,1,116,124,127,-1
3,4,1,289,295,79,-1
3,3,1,334,326,316,1
3,4,1,15,11,2,1
3,3,1,329,323,217,1
3,4,1,236,242,340,1
3,4,1,212,208,272,1
3,3,1,128,132,140,1
3,4,1,267,263,166,-1
3,3,1,159,153,177,1
3,3,1,138,132,152,1
3,4,1,212,204,150,1
3,3,1,180,184,199,-1
3,3,1,348,356,66,-1
3,3,1,292,286,12,-1
3,4,1,38,44,26,-1
3,3,1,134,138,330,-1
3,4,1,236,244,254,1
3,3,1,293,297,188,-1
3,4,1,98,90,315,1
3,3,1,190,198,55,-1
3,4,1,61,67,48,-1
3,3,1,45,37,26,-1
4,4,1,108,104,124,-1
4,4,1,51,45,338,1
4,4,1,269,277,179,-1
4,3,1,54,58,40,-1
4,3,1,300,306,75,1
4,4,1,154,150,173,1
4,4,1,47,51,331,-1
4,4,1,221,227,241,-1
4,3,1,29,33,13,-1
4,4,1,321,313,305,1
4,3,1,191,183,357,1
4,4,1,229,237,143,-1
4,3,1,199,195,350,-1
4,3,1,345,341,167,-1
4,4,1,192,196,36,-1
4,3,1,54,60,220,-1
4,3,1,218,226,236,-1
4,3,1,55,49,41,1
4,4,1,86,78,75,-1
4,3,1,39,31,225,1
4,4,1,222,228,237,-1
4,3,1,243,251,255,-1
4,3,1,83,77,71,1
4,4,1,282,276,139,-1
4,3,1,277,269,63,1
4,3,1,179,171,192,1
4,3,1,25,31,237,-1
4,3,1,151,143,163,1
4,4,1,240,234,257,1
4,3,1,315,311,174,1
4,3,1,108,100,194,1
4,4,1,2,6,111,-1
4,3,1,337,333,324,-1
4,3,1,121,127,239,-1
4,4,1,259,267,356,-1
4,4,1,249,243,268,1
4,4,1,67,75,55,-1
4,4,1,41,45,261,-1
4,3,1,12,8,274,1
4,4,1,221,225,233,-1
4,4,1,159,163,172,1
4,4,1,199,193,255,1
4,4,1,242,250,258,1
4,4,1,74,82,57,-1
4,3,1,84,90,66,-1
4,3,1,287,293,274,-1
4,3,1,80,76,61,1
4,4,1,209,203,314,1
4,4,1,289,297,63,-1
4,3,1,136,132,147,1
4,3,1,77,71,220,1
4,3,1,203,211,129,1
4,4,1,59,53,46,0
4,4,1,33,37,23,-1
4,3,1,211,215,25,1
4,4,1,352,356,337,-1
4,4,1,135,131,243,1
4,3,1,17,25,118,-1
4,3,1,91,97,106,-1
4,3,1,217,223,237,1
4,4,1,319,315,228,-1
4,3,1,50,54,166,-1
4,4,1,44,38,33,1
4,4,1,316,308,300,1
4,3,1,90,86,100,1
4,4,1,223,215,235,1
4,4,1,318,310,104,1
4,4,1,49,41,326,1
4,4,1,106,112,322,1
4,3,1,289,297,271,-1
4,3,1,123,117,226,1
4,4,1,309,301,293,-1
4,3,1,298,306,287,-1
4,4,1,204,196,216,1
4,4,1,17,23,151,-1
4,3,1,307,315,105,-1
4,4,1,194,202,213,-1
4,4,1,240,232,175,1
4,3,1,158,162,178,-1
4,4,1,84,80,204,1
4,3,1,137,141,341,1
4,3,1,166,174,294,-1
4,4,1,282,288,211,-1
4,3,1,228,222,243,1
4,3,1,181,185,44,-1
4,3,1,84,76,66,-1
4,4,1,358,350,249,1
4,4,1,316,322,300,-1
4,3,1,36,30,138,0
4,3,1,355,347,341,-1
4,4,1,40,46,24,1
4,3,1,209,203,223,-1
4,4,1,48,44,28,1
4,3,1,235,229,1,1
4,4,1,235,243,249,-1
4,4,1,260,256,326,-1
4,3,1,230,234,248,-1
4,4,1,289,295,24,1
4,4,1,62,58,42,1
5,3,1,71,77,301,-1
5,3,1,188,180,17,1
5,3,1,167,159,250,1
5,3,1,270,266,46,-1
5,3,1,11,15,352,-1
5,4,1,248,244,265,-1
5,4,1,233,239,250,-1
5,3,1,86,90,72,1
5,4,1,131,137,150,1
5,4,1,298,302,358,-1
5,4,1,247,241,18,-1
5,4,1,36,28,19,-1
5,4,1,28,36,155,-1
5,4,1,297,305,29,-1
5,4,1,342,334,324,-1
5,4,1,195,191,206,1
5,3,1,199,207,218,-1
5,3,1,40,36,302,1
5,3,1,215,221,144,-1
5,4,1,35,39,155,-1
5,4,1,231,225,295,1
5,3,1,302,296,291,-1
5,3,1,212,220,232,-1
5,3,1,330,324,312,1
5,3,1,55,61,148,-1
5,3,1,223,215,89,1
5,4,1,289,297,193,-1
5,3,1,37,43,25,-1
5,3,1,218,214,135,-1
5,4,1,9,3,161,1
5,3,1,206,212,92,-1
5,3,1,348,354,328,-1
5,4,1,43,51,33,-1
5,4,1,164,168,176,-1
5,3,1,218,214,298,-1
5,3,1,70,66,57,1
5,4,1,16,20,308,-1
5,4,1,105,99,119,1
5,4,1,4,12,345,-1
5,3,1,117,109,190,1
5,4,1,209,203,226,1
5,4,1,64,72,5,1
5,4,1,123,117,295,1
5,3,1,151,143,164,1
5,3,1,84,80,73,1
5,4,1,54,58,254,-1
5,4,1,162,166,181,-1
5,3,1,179,171,197,1
5,3,1,213,219,225,-1
5,4,1,105,97,115,1
5,3,1,34,38,269,-1
5,3,1,117,113,128,1
5,4,1,138,134,249,1
5,3,1,76,80,241,1
5,3,1,295,303,277,-1
5,4,1,161,153,174,1
5,3,1,231,225,63,-1
5,4,1,36,30,23,1
5,4,1,290,294,276,-1
5,4,1,351,355,333,-1
5,4,1,142,148,306,1
5,3,1,112,108,125,1
5,3,1,15,23,355,-1
5,3,1,135,129,293,1
5,4,1,193,189,91,-1
5,3,1,134,142,36,1
5,4,1,219,211,298,1
5,3,1,149,155,163,-1
5,4,1,119,125,232,1
5,4,1,348,342,334,1
5,3,1,41,49,249,-1
5,4,1,273,265,66,1
5,4,1,257,253,112,-1
5,4,1,314,320,211,-1
5,4,1,217,225,231,-1
5,4,1,50,56,36,-1
5,3,1,21,13,8,-1
5,4,1,118,124,202,1
5,3,1,125,119,136,1
5,3,1,52,44,36,1
5,3,1,116,120,132,-1
5,3,1,170,174,8,1
5,3,1,32,26,171,1
5,3,1,135,129,147,1
5,4,1,46,52,33,1
5,3,1,304,312,107,-1
5,3,1,353,347,213,-1
5,3,1,9,17,195,-1
5,4,1,216,208,160,1
5,3,1,250,254,98,-1
5,4,1,158,166,170,-1
5,4,1,78,74,62,1
5,4,1,144,140,338,1
5,4,1,52,48,40,1
5,4,1,298,290,49,1
5,3,1,166,170,179,-1
6,3,1,283,275,3,1
6,4,1,208,212,58,1
6,3,1,245,253,259,-1
6,3,1,291,295,275,-1
6,4,1,232,228,244,1
6,4,1,252,246,172,1
6,3,1,354,358,343,-1
6,3,1,54,46,147,1
6,4,1,258,266,157,-1
6,3,1,359,353,344,1
6,3,1,218,226,231,1
6,4,1,241,247,252,-1
6,3,1,94,100,258,-1
6,4,1,165,171,182,1
6,3,1,28,22,11,-1
6,4,1,90,82,71,-1
6,4,1,239,243,180,1
6,4,1,81,73,65,-1
6,4,1,147,141,46,1
6,3,1,222,228,119,1
6,4,1,206,214,281,1
6,4,1,236,232,249,1
6,3,1,273,269,114,1
6,3,1,356,352,138,-1
6,3,1,325,321,311,-1
6,3,1,86,78,353,1
6,4,1,253,247,267,1
6,3,1,254,260,115,1
6,4,1,156,160,207,1
6,3,1,146,138,161,1
6,4,1,119,113,284,1
6,3,1,211,207,125,-1
6,4,1,314,318,251,-1
6,3,1,25,21,12,-1
6,4,1,181,185,199,-1
6,3,1,76,82,61,-1
6,4,1,337,345,322,-1
6,3,1,285,291,7,-1
6,3,1,276,268,356,1
6,4,1,325,333,212,-1
6,3,1,111,103,124,1
6,3,1,77,83,59,-1
6,4,1,332,340,182,-1
6,4,1,24,32,10,-1
6,3,1,184,190,196,1
6,3,1,49,45,179,-1
6,4,1,202,196,53,1
6,4,1,234,238,246,1
6,3,1,240,246,252,1
6,4,1,137,131,153,1
6,4,1,238,234,137,1
6,4,1,297,293,51,-1
6,3,1,208,204,220,1
6,3,1,104,110,119,1
6,4,1,327,333,276,-1
6,3,1,268,276,140,1
6,4,1,305,297,187,1
6,3,1,13,21,3,-1
6,4,1,34,38,24,-1
6,4,1,75,69,60,-1
6,4,1,32,26,18,-1
6,3,1,151,147,164,1
6,3,1,111,117,129,1
6,3,1,251,255,351,1
6,3,1,51,45,188,-1
6,3,1,15,9,201,-1
6,3,1,306,314,218,-1
6,4,1,194,186,211,1
6,4,1,291,283,126,1
6,4,1,175,167,188,1
6,4,1,27,19,11,-1
6,4,1,51,55,37,-1
6,3,1,26,34,15,-1
6,4,1,20,26,99,-1
6,3,1,145,149,56,1
6,4,1,166,174,180,-1
6,3,1,133,127,147,-1
6,4,1,251,243,1,1
6,4,1,6,12,354,1
6,4,1,189,185,336,-1
6,4,1,285,291,161,-1
6,4,1,331,337,313,-1
6,4,1,320,312,113,-1
6,4,1,337,333,319,-1
6,3,1,230,224,32,-1
6,4,1,114,110,241,1
6,3,1,264,258,167,-1
6,3,1,30,34,309,1
6,4,1,100,108,116,-1
6,4,1,352,348,337,1
6,3,1,107,101,125,1
6,3,1,6,10,214,1
6,3,1,180,184,190,1
6,3,1,193,197,210,-1
6,3,1,64,72,298,-1
6,4,1,259,265,94,-1
6,3,1,287,279,275,1
6,3,1,84,76,64,1
6,3,1,171,179,260,-1
7,4,1,58,66,175,-1
7,3,1,165,173,185,-1
7,4,1,217,213,229,1
7,4,1,78,86,12,-1
7,3,1,82,74,163,1
7,4,1,296,288,281,-1
7,3,1,7,11,352,-1
7,4,1,190,196,205,1
7,3,1,283,275,82,-1
7,4,1,132,128,151,1
7,4,1,195,201,208,1
7,4,1,161,165,313,1
7,3,1,302,296,288,-1
7,3,1,32,36,14,0
7,3,1,173,169,1,1
7,3,1,283,279,129,-1
7,3,1,167,175,184,-1
7,3,1,65,59,50,1
7,3,1,45,51,241,-1
7,4,1,29,21,11,1
7,4,1,143,147,274,1
7,4,1,345,339,103,-1
7,4,1,244,238,0,1
7,3,1,303,309,148,-1
7,4,1,307,311,199,-1
7,3,1,242,248,26,-1
7,4,1,108,116,219,1
7,3,1,174,180,186,1
7,3,1,301,307,290,-1
7,4,1,142,150,253,1
7,4,1,288,282,130,1
7,4,1,25,33,5,-1
7,4,1,278,282,69,1
7,3,1,228,220,244,1
7,4,1,343,351,327,-1
7,3,1,243,235,320,1
7,3,1,328,334,309,-1
7,3,1,5,1,346,-1
7,4,1,102,106,119,1
7,3,1,121,113,337,1
7,4,1,108,102,127,1
7,3,1,293,289,278,-1
7,3,1,29,35,209,-1
7,3,1,127,119,139,1
7,4,1,102,96,220,1
7,3,1,178,174,356,1
7,4,1,214,218,232,1
7,3,1,166,162,5,1
7,4,1,134,128,152,1
7,3,1,10,4,221,-1
7,3,1,129,123,275,1
7,4,1,357,351,346,-1
7,4,1,155,151,339,1
7,3,1,242,248,260,1
7,4,1,38,42,28,-1
7,3,1,289,293,53,-1
7,4,1,232,228,311,1
7,4,1,154,160,94,1
7,4,1,219,225,28,1
7,3,1,170,166,184,1
7,3,1,30,38,13,-1
7,4,1,28,32,17,-1
7,3,1,211,207,223,1
7,4,1,317,311,306,-1
7,4,1,65,57,49,-1
7,4,1,355,347,223,-1
7,3,1,185,191,204,1
7,4,1,249,241,266,1
7,4,1,250,242,264,1
7,3,1,350,358,334,-1
7,4,1,88,80,319,1
7,3,1,22,26,189,-1
7,3,1,130,138,311,-1
7,3,1,73,81,319,-1
7,3,1,34,38,182,1
7,4,1,312,308,193,1
7,3,1,310,302,299,-1
7,3,1,100,104,111,-1
7,3,1,332,326,144,-1
7,3,1,235,229,30,1
7,3,1,133,137,146,1
7,4,1,39,45,337,-1
7,4,1,284,276,144,1
7,4,1,286,282,274,-1
7,4,1,295,301,282,-1
7,3,1,111,105,130,1
7,3,1,304,296,293,1
7,3,1,196,190,214,1
7,4,1,13,9,217,-1
7,3,1,47,51,201,-1
7,3,1,182,190,54,-1
7,4,1,116,124,131,1
7,4,1,258,266,269,-1
7,4,1,183,189,195,1
7,3,1,168,176,322,-1
7,4,1,34,40,23,-1
7,4,1,163,169,232,1
7,4,1,141,133,256,1
7,4,1,8,4,355,-1
8,4,1,169,165,181,1
8,3,1,357,349,271,-1
8,4,1,79,87,4,-1
8,4,1,137,141,286,1
8,4,1,227,233,239,1
8,4,1,206,200,70,1
8,3,1,302,306,286,-1
8,3,1,303,297,289,-1
8,4,1,221,225,53,1
8,4,1,106,112,120,-1
8,3,1,57,51,47,-1
8,3,1,79,85,4,-1
8,3,1,282,274,58,1
8,4,1,211,205,147,1
8,4,1,247,243,259,1
8,3,1,66,72,252,-1
8,3,1,248,244,126,1
8,4,1,87,79,70,-1
8,3,1,31,27,294,1
8,3,1,167,175,186,1
8,4,1,341,333,323,-1
8,4,1,15,23,237,1
8,3,1,132,140,151,1
8,3,1,25,29,9,-1
8,3,1,63,69,170,-1
8,4,1,142,136,153,1
8,4,1,8,12,275,-1
8,3,1,222,228,132,1
8,4,1,128,122,148,1
8,4,1,211,205,69,1
8,3,1,173,165,356,1
8,4,1,349,343,185,1
8,3,1,319,325,301,-1
8,3,1,38,34,20,1
8,4,1,194,202,268,1
8,3,1,105,97,125,1
8,3,1,11,17,351,-1
8,3,1,205,201,335,1
8,3,1,57,49,169,-1
8,3,1,69,65,53,1
8,3,1,193,185,209,1
8,4,1,304,312,288,-1
8,4,1,78,86,62,-1
8,3,1,151,147,5,1
8,4,1,256,260,268,1
8,4,1,24,28,201,-1
8,4,1,28,36,171,-1
8,4,1,244,248,258,1
8,3,1,299,307,29,-1
8,3,1,130,134,10,1
8,4,1,114,106,126,1
8,4,1,15,11,289,-1
8,3,1,5,13,128,-1
8,3,1,336,344,317,-1
8,4,1,202,194,296,1
8,3,1,103,99,115,1
8,4,1,347,351,335,-1
8,4,1,114,120,212,-1
8,4,1,194,186,212,1
8,4,1,190,196,330,1
8,4,1,63,59,283,-1
8,4,1,50,54,37,-1
8,3,1,12,6,291,-1
8,3,1,203,197,7,1
8,3,1,105,111,117,1
8,3,1,62,70,51,-1
8,4,1,329,323,310,-1
8,3,1,169,165,185,1
8,3,1,140,146,151,1
8,3,1,258,262,149,1
8,4,1,75,69,61,-1
8,4,1,13,5,262,-1
8,3,1,243,247,343,1
8,3,1,189,183,56,1
8,4,1,328,324,219,-1
8,4,1,111,119,126,1
8,4,1,42,48,23,-1
8,3,1,195,199,206,1
8,3,1,23,15,4,-1
8,3,1,224,218,244,1
8,4,1,200,206,287,1
8,4,1,352,348,148,-1
8,3,1,197,205,30,1
8,4,1,147,153,159,-1
8,3,1,82,76,170,-1
8,3,1,59,51,41,1
8,4,1,243,251,255,-1
8,3,1,217,221,144,-1
8,3,1,241,235,253,-1
8,4,1,83,89,72,-1
8,4,1,89,85,69,1
8,3,1,151,155,166,-1
8,4,1,63,69,323,-1
8,4,1,19,11,114,1
8,3,1,288,296,95,-1
8,4,1,90,82,30,-1
8,4,1,7,3,349,-1
1,3,1,27,19,44,1
1,3,1,233,239,220,-1
1,4,1,270,274,290,-1
1,4,1,3,7,22,-1
1,3,1,151,147,139,1
1,4,1,13,7,29,1
1,3,1,242,248,225,-1
1,4,1,241,249,229,-1
1,3,1,347,339,6,1
1,3,1,158,154,147,-1
1,4,1,350,344,8,1
1,3,1,30,36,42,1
1,4,1,161,169,146,-1
1,4,1,229,221,217,-1
1,3,1,138,132,126,1
1,4,1,12,18,31,-1
1,3,1,194,198,175,-1
1,3,1,294,302,310,-1
1,3,1,142,146,132,1
1,4,1,22,28,41,-1
1,4,1,308,304,318,-1
1,3,1,285,293,301,-1
1,4,1,247,239,227,-1
1,3,1,133,127,114,1
1,4,1,343,339,357,1
1,4,1,164,170,147,-1
1,3,1,157,149,140,1
1,4,1,247,243,229,-1
1,3,1,340,334,0,1
1,4,1,117,123,106,1
1,3,1,34,38,48,-1
1,4,1,2,10,18,-1
1,3,1,115,107,96,1
1,3,1,52,56,71,-1
1,4,1,335,343,349,-1
1,3,1,64,58,80,1
1,4,1,164,160,152,-1
1,4,1,274,266,292,1
1,4,1,240,244,226,-1
1,3,1,156,164,144,-1
1,4,1,166,160,149,1
1,3,1,67,63,82,1
1,3,1,39,35,52,1
1,3,1,5,11,20,1
1,4,1,298,290,315,1
1,4,1,269,273,251,-1
1,3,1,198,206,182,-1
1,4,1,220,214,207,-1
1,3,1,66,72,79,1
2,3,1,154,160,136,-1
2,3,1,158,164,147,-1
2,3,1,142,138,131,1
2,3,1,223,215,207,1
2,4,1,40,44,56,-1
2,4,1,214,222,201,-1
2,3,1,239,235,229,1
2,3,1,358,350,18,1
2,3,1,12,4,30,1
2,4,1,226,234,207,-1
2,4,1,39,33,55,1
2,4,1,50,44,62,-1
2,4,1,21,29,37,1
2,4,1,39,43,55,1
2,3,1,109,113,98,-1
2,4,1,38,34,49,1
2,4,1,25,31,36,1
2,4,1,258,250,248,1
2,4,1,339,345,354,1
2,3,1,72,80,82,-1
2,4,1,221,213,204,1
2,3,1,123,117,111,1
2,4,1,62,58,79,1
2,3,1,266,260,248,1
2,3,1,344,352,355,-1
2,3,1,260,264,247,-1
2,4,1,195,191,181,-1
2,3,1,353,357,10,-1
2,4,1,305,313,323,-1
2,4,1,196,202,182,-1
2,3,1,208,200,195,1
2,4,1,232,238,218,-1
2,3,1,289,293,307,-1
2,3,1,346,340,358,-1
2,4,1,222,218,203,-1
2,4,1,318,326,332,-1
2,3,1,344,338,2,1
2,3,1,199,191,182,-1
2,4,1,171,165,160,1
2,3,1,162,170,149,-1
2,3,1,303,309,319,-1
2,3,1,304,310,316,-1
2,3,1,286,282,299,-1
2,4,1,132,136,117,1
2,4,1,250,244,230,1
2,3,1,193,201,177,-1
2,4,1,314,306,325,1
2,4,1,111,115,92,-1
2,3,1,350,346,8,1
2,4,1,335,327,346,1
3,4,1,321,325,336,-1
3,3,1,231,227,214,-1
3,3,1,12,4,31,1
3,3,1,201,207,182,-1
3,4,1,23,17,35,0
3,3,1,172,178,157,-1
3,4,1,6,10,26,1
3,4,1,355,349,13,-1
3,3,1,146,142,129,-1
3,4,1,248,242,236,1
3,3,1,284,276,300,1
3,4,1,126,134,115,-1
3,4,1,143,151,127,-1
3,3,1,265,269,251,1
3,4,1,279,275,295,-1
3,4,1,331,337,343,-1
3,3,1,33,41,51,-1
3,3,1,26,34,40,-1
3,3,1,210,204,200,1
3,3,1,114,118,104,-1
3,4,1,2,8,19,-1
3,4,1,165,157,152,1
3,4,1,169,161,156,1
3,3,1,205,199,188,1
3,4,1,61,57,80,1
3,4,1,38,46,54,-1
3,3,1,299,293,312,1
3,4,1,214,220,203,-1
3,4,1,217,213,205,1
3,3,1,138,130,124,1
3,3,1,51,45,65,1
3,4,1,233,229,217,-1
3,4,1,295,303,305,-1
3,3,1,355,359,6,-1
3,4,1,172,178,157,1
3,3,1,341,345,357,-1
3,3,1,170,162,156,1
3,3,1,55,61,74,-1
3,4,1,150,154,137,-1
3,4,1,316,308,335,1
3,3,1,246,254,235,-1
3,3,1,76,72,87,1
3,4,1,232,226,214,1
3,4,1,165,159,150,1
3,4,1,15,7,35,1
3,3,1,301,297,312,-1
3,3,1,36,42,52,-1
3,3,1,104,112,91,-1
3,4,1,133,137,117,-1
4,4,1,32,26,50,1
4,3,1,353,345,12,1
4,4,1,167,175,152,-1
4,3,1,191,197,176,1
4,4,1,305,313,321,1
4,3,1,140,136,123,1
4,4,1,291,295,306,-1
4,3,1,199,205,180,1
4,3,1,214,210,203,1
4,4,1,26,30,46,1
4,4,1,189,197,170,-1
4,3,1,62,54,78,-1
4,4,1,7,1,21,1
4,3,1,71,77,83,1
4,3,1,156,160,136,-1
4,3,1,348,356,359,-1
4,3,1,252,256,237,-1
4,4,1,44,40,61,1
4,3,1,284,292,302,-1
4,4,1,292,288,308,-1
4,3,1,235,229,222,0
4,4,1,305,311,322,-1
4,4,1,258,250,242,1
4,4,1,192,184,177,1
4,3,1,243,237,227,1
4,4,1,28,34,46,-1
4,3,1,302,306,320,1
4,3,1,32,26,43,-1
4,4,1,257,263,246,-1
4,4,1,171,167,154,1
4,3,1,277,281,292,-1
4,4,1,165,171,154,-1
4,4,1,118,114,102,1
4,4,1,300,308,316,1
4,3,1,157,149,145,1
4,3,1,158,150,141,1
4,4,1,293,301,309,-1
4,3,1,298,292,309,1
4,3,1,201,209,189,-1
4,3,1,333,339,351,-1
4,4,1,112,116,95,0
4,4,1,355,347,15,-1
4,4,1,122,126,106,1
4,3,1,21,17,33,-1
4,3,1,22,28,35,-1
4,3,1,218,226,203,1
4,4,1,274,266,290,1
4,3,1,339,335,354,1
4,4,1,175,169,159,1
4,4,1,158,152,145,-1
5,4,1,56,60,72,-1
5,3,1,221,217,204,1
5,3,1,251,247,236,-1
5,4,1,15,19,30,-1
5,4,1,33,27,43,1
5,3,1,329,321,342,-1
5,3,1,119,125,104,1
5,4,1,118,126,103,1
5,4,1,331,325,342,1
5,3,1,251,257,237,-1
5,4,1,124,132,108,1
5,3,1,27,19,41,1
5,3,1,43,51,56,-1
5,3,1,164,158,145,1
5,4,1,31,27,51,1
5,3,1,189,193,178,-1
5,4,1,142,134,131,1
5,4,1,234,226,221,-1
5,3,1,30,38,49,-1
5,3,1,159,163,148,-1
5,4,1,282,278,300,1
5,3,1,205,199,190,1
5,4,1,326,332,342,-1
5,4,1,36,42,46,-1
5,3,1,225,219,213,-1
5,4,1,332,340,349,-1
5,4,1,229,225,212,-1
5,3,1,154,146,140,1
5,3,1,57,51,70,1
5,3,1,322,316,335,1
5,4,1,167,163,149,1
5,4,1,300,308,315,-1
5,3,1,8,12,26,1
5,4,1,104,110,94,-1
5,3,1,145,137,128,1
5,3,1,324,328,338,-1
5,4,1,246,252,230,-1
5,4,1,250,244,233,1
5,3,1,331,337,349,-1
5,3,1,219,227,201,-1
5,3,1,36,44,52,1
5,4,1,197,201,185,-1
5,4,1,257,261,241,-1
5,4,1,272,264,282,1
5,3,1,69,75,85,-1
5,3,1,151,159,135,1
5,4,1,211,205,198,-1
5,3,1,315,311,328,1
5,3,1,66,62,77,1
5,4,1,278,270,294,1
6,4,1,328,332,341,-1
6,4,1,60,54,73,1
6,3,1,160,166,147,-1
6,4,1,148,156,133,1
6,3,1,220,216,200,-1
6,3,1,207,203,188,-1
6,3,1,115,121,100,-1
6,3,1,358,350,10,-1
6,3,1,349,341,5,1
6,4,1,238,246,222,-1
6,4,1,37,41,48,-1
6,4,1,65,73,81,-1
6,4,1,350,344,1,1
6,3,1,129,133,112,1
6,4,1,41,47,56,-1
6,4,1,273,279,289,1
6,3,1,11,19,30,-1
6,4,1,193,185,176,1
6,4,1,210,202,190,1
6,4,1,46,42,60,1
6,4,1,294,290,311,1
6,3,1,140,144,130,-1
6,3,1,289,297,303,-1
6,3,1,196,190,184,1
6,3,1,252,246,240,1
6,4,1,291,299,310,-1
6,3,1,142,134,132,1
6,3,1,339,333,354,-1
6,4,1,155,161,140,1
6,3,1,17,21,32,-1
6,4,1,211,217,200,1
6,3,1,266,258,256,1
6,3,1,314,308,329,1
6,4,1,113,109,100,1
6,4,1,253,249,239,1
6,4,1,11,19,27,-1
6,3,1,287,291,300,-1
6,4,1,162,156,148,1
6,4,1,203,207,184,1
6,4,1,131,135,112,-1
6,4,1,258,252,241,1
6,4,1,116,108,100,-1
6,3,1,354,350,11,1
6,3,1,253,261,238,1
6,4,1,353,345,11,1
6,3,1,70,66,83,1
6,3,1,226,234,212,1
6,3,1,274,280,288,1
6,3,1,22,28,38,1
6,4,1,16,8,35,1
7,3,1,209,215,192,-1
7,4,1,266,274,252,-1
7,3,1,196,192,185,1
7,3,1,23,15,38,-1
7,3,1,165,171,150,-1
7,3,1,353,345,11,-1
7,4,1,62,56,80,-1
7,3,1,191,187,177,1
7,4,1,273,277,291,-1
7,4,1,256,264,241,-1
7,4,1,274,278,287,-1
7,4,1,20,14,36,-1
7,3,1,186,180,174,1
7,3,1,226,220,210,1
7,4,1,170,162,152,1
7,4,1,359,355,17,-1
7,4,1,31,27,41,-1
7,3,1,263,267,244,-1
7,3,1,140,144,127,1
7,4,1,114,106,94,1
7,3,1,74,82,86,-1
7,3,1,69,77,87,-1
7,4,1,47,53,58,-1
7,4,1,329,335,344,-1
7,3,1,329,323,344,-1
7,4,1,249,245,235,-1
7,4,1,270,276,259,-1
7,3,1,133,125,114,1
7,3,1,50,54,64,-1
7,3,1,269,261,254,1
7,4,1,49,57,65,-1
7,3,1,41,45,60,-1
7,4,1,164,170,152,1
7,4,1,287,295,299,-1
7,4,1,124,120,113,1
7,3,1,36,30,50,-1
7,3,1,66,72,79,-1
7,4,1,60,52,72,1
7,3,1,210,218,191,-1
7,3,1,184,192,164,-1
7,4,1,120,124,107,1
7,4,1,32,24,43,1
7,4,1,169,163,156,1
7,4,1,198,202,183,1
7,4,1,195,189,183,1
7,3,1,302,298,316,-1
7,3,1,74,80,90,-1
7,3,1,341,337,358,1
8,4,1,222,230,205,1
8,3,1,219,215,204,1
8,4,1,319,323,332,1
8,4,1,236,244,217,-1
8,4,1,239,233,227,1
8,3,1,250,246,236,1
8,4,1,58,52,69,-1
8,3,1,298,290,311,-1
8,3,1,251,257,240,-1
8,4,1,334,338,345,-1
8,3,1,268,274,255,1
8,4,1,285,279,297,1
8,3,1,283,275,302,1
8,3,1,210,204,196,1
8,4,1,331,327,346,-1
8,3,1,319,327,336,-1
8,4,1,58,64,75,-1
8,4,1,175,167,157,1
8,4,1,21,27,32,-1
8,3,1,162,166,150,-1
8,3,1,135,139,117,-1
8,3,1,299,307,312,-1
8,4,1,175,167,162,-1
8,4,1,50,46,63,-1
8,3,1,268,262,253,1
8,4,1,250,246,235,1
8,3,1,105,97,90,-1
8,4,1,158,154,142,1
8,4,1,326,334,341,-1
8,4,1,312,320,329,1
8,4,1,244,250,225,1
8,4,1,166,172,149,1
8,3,1,302,306,315,-1
8,3,1,117,111,105,1
8,3,1,26,20,39,-1
8,3,1,228,220,214,1
8,3,1,320,324,332,-1
8,3,1,66,60,86,-1
8,3,1,67,73,82,1
8,4,1,123,117,106,-1
8,4,1,159,153,147,-1
8,4,1,342,334,0,-1
8,3,1,348,344,3,1
8,4,1,117,121,103,-1
8,3,1,110,118,97,-1
8,4,1,148,152,128,-1
8,3,1,46,52,65,-1
8,3,1,185,193,173,1
8,3,1,339,335,352,1
8,4,1,280,272,297,1
1,3,3,43,49,325,-1
1,4,3,135,141,147,1
1,3,3,152,148,339,1
1,4,3,226,222,242,1
1,4,3,221,217,231,1
1,4,3,65,57,53,1
1,3,3,121,113,228,1
1,3,3,119,125,335,1
1,4,3,183,187,113,-1
1,4,3,329,337,270,-1
1,3,3,309,303,292,-1
1,3,3,18,22,359,-1
1,3,3,81,75,69,1
1,4,3,47,55,284,-1
1,3,3,350,354,340,-1
1,4,3,78,70,67,1
1,4,3,195,189,70,1
1,3,3,211,207,313,-1
1,4,3,184,188,237,-1
1,3,3,96,104,112,1
1,4,3,341,335,139,1
1,4,3,130,136,147,1
1,3,3,230,222,14,-1
1,3,3,118,126,135,1
1,3,3,215,207,104,1
1,3,3,348,344,330,-1
1,4,3,35,43,24,-1
1,4,3,155,149,169,1
1,3,3,265,271,125,-1
1,3,3,333,339,314,-1
1,4,3,288,296,274,-1
1,3,3,118,110,134,1
1,4,3,200,208,299,-1
1,4,3,252,256,168,-1
1,3,3,69,65,229,-1
1,3,3,30,36,18,-1
1,3,3,67,63,54,-1
1,3,3,322,328,136,-1
1,4,3,184,188,198,-1
1,3,3,213,205,232,1
1,4,3,6,14,303,-1
1,4,3,244,248,257,-1
1,4,3,2,6,151,-1
1,3,3,276,268,85,1
1,4,3,292,286,280,-1
1,3,3,94,90,349,1
1,4,3,214,208,3,-1
1,4,3,148,142,333,1
1,4,3,160,154,175,1
1,3,3,343,351,326,-1
1,4,3,37,33,124,-1
1,3,3,49,57,35,-1
1,3,3,334,338,179,-1
1,4,3,260,256,15,-1
1,4,3,116,122,245,1
1,4,3,334,338,319,-1
1,3,3,226,232,245,-1
1,3,3,113,121,349,1
1,4,3,340,334,326,-1
1,3,3,97,103,107,1
1,4,3,321,315,301,-1
1,3,3,125,133,357,1
1,3,3,124,128,310,-1
1,3,3,8,2,251,-1
1,3,3,308,302,152,-1
1,3,3,98,94,114,1
1,4,3,129,121,146,1
1,4,3,350,356,224,-1
1,3,3,215,211,235,-1
1,4,3,224,216,239,1
1,4,3,308,312,294,-1
1,4,3,85,77,349,1
1,4,3,154,146,205,1
1,4,3,20,16,181,1
1,3,3,168,162,187,1
1,3,3,140,144,213,1
1,4,3,304,300,291,-1
1,4,3,90,96,72,-1
1,3,3,182,190,42,-1
1,4,3,200,208,218,-1
1,3,3,17,11,5,-1
1,3,3,168,162,14,1
1,4,3,239,231,127,-1
1,3,3,90,82,76,1
1,4,3,303,309,90,-1
1,4,3,80,86,62,-1
1,4,3,10,6,351,-1
1,3,3,243,237,257,-1
1,4,3,246,254,256,-1
1,3,3,231,235,250,-1
1,3,3,209,213,220,-1
1,3,3,274,278,151,-1
1,3,3,261,269,52,-1
1,4,3,77,83,137,1
1,3,3,289,281,273,-1
1,4,3,29,21,295,-1
1,3,3,165,159,89,-1
1,4,3,219,215,336,-1
2,3,3,145,151,231,-1
2,4,3,291,299,133,-1
2,4,3,110,106,129,1
2,4,3,23,15,4,1
2,4,3,54,58,172,-1
2,4,3,192,186,140,1
2,3,3,220,226,114,1
2,4,3,308,300,297,1
2,4,3,138,144,154,-1
2,3,3,83,77,64,1
2,3,3,305,297,198,-1
2,3,3,212,220,230,-1
2,3,3,269,265,41,1
2,3,3,335,327,224,1
2,4,3,284,278,101,1
2,3,3,51,55,35,-1
2,3,3,312,308,178,-1
2,4,3,121,129,346,-1
2,3,3,129,137,143,-1
2,4,3,183,187,271,-1
2,3,3,57,61,38,-1
2,3,3,19,13,6,1
2,4,3,214,220,228,1
2,4,3,152,148,165,1
2,3,3,222,214,237,1
2,3,3,44,40,25,1
2,3,3,41,47,27,-1
2,4,3,125,129,141,-1
2,3,3,305,301,41,1
2,4,3,341,335,65,-1
2,3,3,313,319,302,-1
2,4,3,115,109,128,1
2,4,3,339,347,324,-1
2,3,3,166,158,74,1
2,3,3,237,229,253,1
2,4,3,234,228,248,1
2,4,3,289,297,271,-1
2,4,3,142,150,59,-1
2,3,3,173,179,342,-1
2,4,3,150,154,167,1
2,4,3,322,326,184,-1
2,3,3,282,288,90,-1
2,4,3,351,359,219,-1
2,3,3,18,14,215,-1
2,4,3,292,286,129,1
2,3,3,108,100,203,-1
2,3,3,7,3,351,1
2,4,3,218,222,49,-1
2,4,3,249,241,117,1
2,3,3,319,313,55,1
2,4,3,309,313,291,-1
2,4,3,195,187,210,1
2,4,3,265,271,348,-1
2,3,3,133,129,147,1
2,4,3,209,205,90,1
2,3,3,0,8,340,-1
2,3,3,188,184,202,-1
2,3,3,8,12,192,-1
2,4,3,53,47,37,-1
2,3,3,124,132,42,-1
2,4,3,21,17,208,-1
2,4,3,83,89,229,-1
2,3,3,221,229,10,-1
2,3,3,321,315,158,1
2,4,3,329,333,318,-1
2,4,3,124,116,142,1
2,3,3,346,350,202,-1
2,4,3,281,273,225,1
2,3,3,39,47,28,-1
2,3,3,112,118,124,-1
2,4,3,323,317,312,1
2,3,3,174,180,191,1
2,4,3,249,241,117,1
2,3,3,319,313,55,1
2,4,3,309,313,291,-1
2,4,3,195,187,210,1
2,4,3,265,271,348,-1
2,3,3,133,129,147,1
2,4,3,209,205,90,1
2,3,3,0,8,340,-1
2,3,3,188,184,202,1
2,3,3,8,12,192,-1
2,4,3,53,47,37,-1
2,3,3,124,132,42,-1
2,4,3,21,17,208,-1
2,4,3,83,89,229,-1
2,3,3,221,229,10,1
2,3,3,321,315,158,1
2,4,3,329,333,318,-1
2,4,3,124,116,142,1
2,3,3,346,350,202,1
2,4,3,281,273,225,1
2,3,3,39,47,28,-1
2,3,3,112,118,124,-1
2,4,3,323,317,312,1
2,3,3,174,180,191,-1
3,3,3,99,91,13,1
3,4,3,163,169,181,-1
3,4,3,22,14,12,1
3,3,3,158,166,169,-1
3,4,3,334,326,318,-1
3,4,3,242,238,256,1
3,4,3,214,218,140,1
3,3,3,44,48,26,-1
3,4,3,197,201,99,1
3,4,3,150,146,163,1
3,3,3,84,78,68,1
3,3,3,140,148,160,1
3,4,3,19,27,183,-1
3,3,3,346,340,327,1
3,3,3,198,194,348,1
3,3,3,349,353,338,1
3,3,3,320,312,86,1
3,3,3,142,148,248,-1
3,3,3,89,85,325,1
3,4,3,180,186,195,-1
3,4,3,270,264,38,1
3,3,3,27,33,188,-1
3,4,3,294,288,240,1
3,4,3,118,126,329,-1
3,4,3,176,180,191,-1
3,4,3,196,200,214,-1
3,3,3,31,37,12,1
3,4,3,297,291,148,-1
3,4,3,202,210,218,1
3,3,3,102,94,116,1
3,3,3,173,179,67,-1
3,4,3,200,194,210,1
3,4,3,193,197,14,-1
3,3,3,24,20,255,1
3,4,3,312,320,159,-1
3,3,3,117,113,273,1
3,3,3,71,63,150,1
3,4,3,29,37,18,-1
3,4,3,133,127,327,1
3,4,3,9,17,353,-1
3,4,3,77,71,65,-1
3,3,3,150,142,31,1
3,3,3,176,168,193,1
3,3,3,285,291,273,-1
3,3,3,35,31,21,-1
3,4,3,107,101,125,1
3,4,3,60,64,216,-1
3,3,3,339,345,243,1
3,3,3,316,312,302,1
3,4,3,79,87,242,-1
3,3,3,176,182,188,1
3,3,3,128,122,316,1
3,3,3,285,289,173,-1
3,3,3,121,127,134,-1
3,4,3,13,17,354,-1
3,4,3,46,40,30,1
3,3,3,229,235,248,-1
3,4,3,231,227,111,-1
3,3,3,202,198,215,1
3,4,3,116,122,304,-1
3,4,3,199,191,217,1
3,4,3,313,317,297,-1
3,4,3,293,285,141,1
3,3,3,37,45,18,-1
3,3,3,319,327,309,-1
3,3,3,233,229,248,1
3,3,3,139,147,232,1
3,4,3,225,217,280,1
3,4,3,40,46,297,-1
3,3,3,153,161,78,-1
3,4,3,210,202,225,1
3,4,3,351,345,335,1
3,4,3,63,59,184,1
3,3,3,310,314,32,-1
3,3,3,202,196,14,-1
3,4,3,163,171,179,-1
3,3,3,207,201,219,-1
3,4,3,32,28,18,1
3,4,3,14,20,4,-1
3,4,3,220,228,230,1
3,4,3,80,86,65,-1
3,3,3,53,45,34,1
3,3,3,347,341,112,1
3,3,3,93,101,307,-1
3,3,3,208,212,83,-1
3,4,3,115,111,218,1
3,4,3,323,329,212,-1
3,4,3,334,330,317,1
3,4,3,151,157,307,-1
3,3,3,99,103,114,-1
3,4,3,29,21,242,-1
3,3,3,120,114,3,1
3,3,3,199,193,212,1
3,4,3,32,28,152,-1
3,3,3,58,62,277,-1
3,3,3,275,283,351,-1
3,3,3,25,17,12,1
3,4,3,238,230,332,1
3,3,3,116,120,132,-1
4,4,3,202,206,43,-1
4,4,3,33,25,21,-1
4,3,3,166,172,329,1
4,3,3,70,74,56,-1
4,4,3,109,105,124,0
4,4,3,113,107,253,1
4,3,3,62,58,224,-1
4,3,3,339,345,213,-1
4,4,3,90,94,173,-1
4,3,3,30,24,13,-1
4,4,3,131,127,151,1
4,3,3,349,353,331,-1
4,3,3,213,221,232,-1
4,4,3,295,289,71,1
4,4,3,337,345,249,1
4,4,3,306,298,287,1
4,4,3,107,113,119,1
4,4,3,337,345,65,-1
4,3,3,229,221,143,1
4,3,3,221,213,58,1
4,3,3,80,76,260,1
4,3,3,291,285,277,0
4,4,3,100,106,119,-1
4,3,3,139,147,153,-1
4,3,3,155,151,271,1
4,4,3,125,129,142,1
4,4,3,15,9,247,-1
4,3,3,90,82,330,1
4,3,3,139,131,152,1
4,3,3,85,77,329,1
4,4,3,1,9,345,-1
4,3,3,65,71,55,-1
4,4,3,92,96,105,-1
4,4,3,107,101,350,1
4,3,3,334,340,322,-1
4,3,3,252,244,265,1
4,3,3,245,251,38,-1
4,3,3,154,150,319,-1
4,4,3,67,71,157,1
4,3,3,15,11,3,-1
4,4,3,167,175,296,1
4,4,3,236,230,247,1
4,4,3,192,186,210,1
4,4,3,293,301,130,-1
4,4,3,349,357,339,-1
4,3,3,272,278,55,-1
4,4,3,228,232,308,1
4,3,3,46,42,34,-1
4,4,3,242,234,17,1
4,4,3,38,44,201,-1
4,4,3,87,79,266,1
4,4,3,128,124,0,1
4,3,3,169,165,184,1
4,3,3,52,60,208,-1
4,3,3,230,226,243,1
4,4,3,291,297,44,-1
4,3,3,334,342,322,-1
4,4,3,46,50,33,-1
4,3,3,3,11,347,-1
4,3,3,52,46,207,-1
4,3,3,132,138,144,-1
4,3,3,103,109,119,-1
4,4,3,343,339,123,-1
4,3,3,92,96,186,0
4,4,3,289,283,270,1
4,3,3,226,234,242,1
4,4,3,14,8,3,-1
4,4,3,190,182,209,1
4,3,3,72,80,332,-1
4,3,3,288,282,203,1
4,3,3,132,136,284,1
4,4,3,230,222,247,-1
4,4,3,23,27,12,-1
4,3,3,314,306,295,1
4,3,3,198,202,212,-1
4,4,3,50,56,311,-1
4,4,3,221,217,76,1
4,3,3,134,142,239,-1
4,4,3,202,198,306,1
4,4,3,215,223,228,1
4,4,3,40,36,23,0
4,3,3,303,307,179,1
4,3,3,189,193,201,1
4,4,3,245,237,179,1
4,3,3,140,134,153,1
4,3,3,298,302,47,1
4,4,3,195,203,207,-1
4,3,3,319,327,159,1
4,4,3,170,176,51,-1
4,4,3,46,52,31,-1
4,4,3,84,90,72,-1
4,3,3,139,133,156,1
4,4,3,253,245,29,1
4,3,3,311,303,298,1
4,4,3,89,85,71,1
4,3,3,129,123,57,1
4,3,3,278,272,152,-1
5,3,3,171,179,190,-1
5,4,3,155,161,174,-1
5,4,3,188,184,198,-1
5,4,3,76,84,185,-1
5,4,3,192,200,281,1
5,4,3,202,206,95,-1
5,3,3,222,228,40,-1
5,3,3,201,197,31,1
5,3,3,170,176,255,1
5,4,3,314,306,303,1
5,4,3,147,141,292,-1
5,3,3,87,81,72,1
5,4,3,5,9,234,-1
5,4,3,35,27,18,-1
5,4,3,107,103,121,1
5,3,3,329,323,310,-1
5,3,3,112,120,130,-1
5,3,3,164,156,336,1
5,3,3,306,310,289,-1
5,4,3,107,101,239,1
5,3,3,240,232,337,1
5,4,3,118,124,137,1
5,3,3,307,311,297,1
5,3,3,313,309,68,1
5,3,3,281,273,204,-1
5,3,3,332,338,203,-1
5,3,3,10,6,113,1
5,4,3,51,55,255,-1
5,4,3,222,226,236,-1
5,4,3,16,24,5,-1
5,4,3,26,20,244,-1
5,3,3,72,78,258,-1
5,4,3,0,8,350,-1
5,4,3,7,1,280,1
5,4,3,173,167,191,1
5,3,3,53,59,43,-1
5,4,3,217,211,227,1
5,3,3,72,68,53,-1
5,3,3,355,347,174,1
5,4,3,123,131,5,1
5,3,3,234,226,246,1
5,3,3,121,117,0,1
5,4,3,216,220,152,-1
5,4,3,130,134,149,1
5,3,3,89,85,69,1
5,3,3,126,118,140,1
5,4,3,226,234,72,-1
5,3,3,327,319,311,-1
5,3,3,312,318,292,-1
5,4,3,11,5,358,1
5,3,3,239,243,115,-1
5,3,3,35,39,290,-1
5,4,3,297,289,139,-1
5,3,3,242,250,61,-1
5,4,3,195,187,210,1
5,4,3,53,45,329,-1
5,4,3,59,55,347,-1
5,4,3,323,327,308,-1
5,3,3,196,202,216,1
5,3,3,319,313,82,1
5,4,3,89,85,194,-1
5,4,3,205,211,49,-1
5,3,3,316,324,184,-1
5,4,3,273,279,104,-1
5,4,3,221,213,232,1
5,3,3,165,171,185,1
5,3,3,224,220,243,1
5,3,3,221,217,237,1
5,3,3,300,308,284,-1
5,3,3,285,279,48,-1
5,4,3,21,15,5,-1
5,4,3,344,348,333,-1
5,3,3,64,72,49,-1
5,4,3,140,148,154,-1
5,3,3,187,181,202,1
5,3,3,257,261,159,-1
5,4,3,347,343,111,-1
5,4,3,136,142,230,1
5,3,3,350,342,338,-1
5,3,3,351,345,168,1
5,4,3,148,144,13,-1
5,4,3,213,221,230,-1
5,3,3,258,266,349,-1
5,3,3,315,323,44,-1
5,3,3,210,214,228,1
5,3,3,183,187,104,1
5,4,3,35,31,22,-1
5,3,3,251,255,265,-1
5,3,3,72,64,58,-1
5,3,3,19,13,191,1
5,4,3,306,312,46,-1
5,4,3,75,81,60,1
5,4,3,337,329,54,1
5,4,3,334,340,318,-1
5,4,3,278,270,201,1
5,4,3,28,24,10,-1
5,3,3,160,154,170,1
6,3,3,35,29,20,-1
6,4,3,129,125,144,1
6,3,3,262,254,143,1
6,3,3,117,123,317,-1
6,3,3,16,20,3,-1
6,4,3,184,192,351,1
6,3,3,256,252,76,-1
6,4,3,163,157,339,1
6,4,3,201,197,212,1
6,3,3,230,222,92,1
6,4,3,30,22,13,-1
6,3,3,96,92,188,1
6,4,3,125,131,142,1
6,3,3,341,335,325,-1
6,4,3,66,60,202,-1
6,3,3,224,232,236,1
6,4,3,16,20,105,-1
6,4,3,328,320,317,-1
6,3,3,99,107,113,-1
6,4,3,124,128,193,-1
6,3,3,62,66,47,-1
6,3,3,48,54,154,-1
6,4,3,71,79,266,-1
6,4,3,212,218,228,1
6,3,3,159,155,35,1
6,4,3,249,253,261,1
6,4,3,319,327,304,-1
6,4,3,158,152,176,1
6,3,3,7,13,354,-1
6,3,3,252,244,267,1
6,4,3,284,278,344,-1
6,3,3,36,32,17,-1
6,4,3,274,282,15,1
6,3,3,332,324,120,-1
6,4,3,241,245,331,1
6,3,3,76,82,342,-1
6,4,3,46,40,104,-1
6,4,3,180,184,191,1
6,3,3,90,86,342,1
6,3,3,74,80,61,-1
6,3,3,181,187,14,1
6,4,3,184,192,332,1
6,3,3,100,92,112,1
6,4,3,329,337,309,-1
6,4,3,197,191,212,1
6,3,3,348,344,330,-1
6,4,3,157,161,94,1
6,3,3,137,129,8,1
6,3,3,187,183,198,1
6,4,3,245,251,45,-1
6,4,3,200,192,215,1
6,3,3,72,80,52,-1
6,3,3,20,28,2,-1
6,4,3,61,55,43,-1
6,3,3,107,115,266,1
6,4,3,318,310,86,-1
6,3,3,49,53,338,-1
6,3,3,132,138,146,1
6,3,3,252,260,48,-1
6,4,3,317,323,11,-1
6,3,3,184,190,201,1
6,4,3,210,202,223,1
6,4,3,292,288,149,-1
6,3,3,201,197,219,1
6,4,3,259,255,112,1
6,4,3,345,337,119,-1
6,3,3,239,233,9,1
6,4,3,78,82,66,-1
6,4,3,340,344,325,-1
6,3,3,217,221,27,1
6,4,3,359,353,347,-1
6,3,3,16,10,207,-1
6,4,3,171,167,4,1
6,3,3,29,33,263,-1
6,3,3,293,285,279,1
6,3,3,172,176,184,1
6,4,3,242,238,179,-1
6,3,3,135,129,149,1
6,3,3,311,303,300,-1
6,4,3,68,64,54,-1
6,3,3,244,248,16,-1
6,4,3,28,34,8,1
6,4,3,67,59,139,-1
6,3,3,196,190,212,1
6,4,3,122,128,231,1
6,4,3,305,301,291,-1
6,3,3,63,57,148,1
6,4,3,239,247,256,-1
6,4,3,216,208,10,1
6,3,3,130,138,325,1
6,4,3,65,71,46,-1
6,4,3,138,146,157,1
6,4,3,159,165,36,1
6,3,3,99,103,113,1
6,3,3,177,171,87,1
6,3,3,298,306,28,1
7,3,3,119,127,136,-1
7,4,3,216,212,235,1
7,4,3,324,332,165,-1
7,4,3,148,142,314,1
7,4,3,44,36,29,-1
7,3,3,75,81,210,-1
7,3,3,189,195,313,1
7,4,3,73,65,59,-1
7,3,3,90,86,236,1
7,4,3,246,240,334,1
7,3,3,307,301,287,-1
7,4,3,157,163,171,1
7,3,3,321,313,131,-1
7,3,3,189,197,206,1
7,3,3,29,33,18,-1
7,4,3,93,97,214,-1
7,3,3,317,321,305,-1
7,3,3,64,56,145,-1
7,4,3,149,153,310,1
7,4,3,297,305,22,-1
7,4,3,216,212,232,1
7,4,3,184,190,204,1
7,3,3,83,77,71,1
7,3,3,225,221,336,1
7,3,3,203,209,215,1
7,3,3,91,97,15,1
7,4,3,40,48,23,-1
7,4,3,261,265,6,-1
7,3,3,299,295,288,-1
7,3,3,330,322,141,-1
7,3,3,156,148,176,1
7,4,3,207,211,227,1
7,3,3,311,317,294,-1
7,4,3,33,41,17,-1
7,4,3,98,92,116,1
7,4,3,70,64,298,1
7,3,3,149,141,167,1
7,4,3,232,226,247,1
7,4,3,36,40,308,-1
7,3,3,1,7,252,-1
7,4,3,19,27,265,-1
7,3,3,180,176,336,1
7,3,3,334,340,318,-1
7,4,3,223,231,15,-1
7,3,3,132,124,255,1
7,4,3,288,282,135,-1
7,3,3,71,67,57,1
7,3,3,290,286,117,1
7,4,3,212,216,231,1
7,4,3,333,327,314,-1
7,4,3,228,220,246,1
7,4,3,61,65,50,-1
7,3,3,190,198,277,1
7,3,3,242,246,98,-1
7,4,3,39,31,103,1
7,3,3,234,240,249,-1
7,4,3,121,127,257,1
7,4,3,237,229,254,1
7,3,3,343,351,173,-1
7,4,3,329,335,54,-1
7,3,3,219,215,229,1
7,4,3,27,31,11,-1
7,3,3,233,229,246,1
7,4,3,20,14,4,1
7,3,3,187,181,332,1
7,3,3,16,24,357,-1
7,4,3,298,294,48,-1
7,3,3,99,103,205,1
7,3,3,161,167,178,1
7,3,3,190,184,72,1
7,3,3,319,327,303,-1
7,4,3,333,325,281,0
7,4,3,68,64,214,1
7,3,3,347,351,63,-1
7,3,3,18,22,159,-1
7,3,3,357,349,343,-1
7,3,3,161,155,175,1
7,3,3,267,275,187,-1
7,3,3,216,224,12,1
7,4,3,73,69,56,0
7,4,3,215,211,158,1
7,3,3,257,251,148,1
7,3,3,32,24,18,-1
7,4,3,52,44,149,-1
7,4,3,165,157,105,1
7,4,3,273,279,132,-1
7,4,3,310,316,297,-1
7,3,3,171,165,184,1
7,4,3,295,301,277,-1
7,4,3,232,240,246,-1
7,3,3,185,189,199,1
7,4,3,11,17,210,-1
7,4,3,214,210,67,1
7,3,3,274,268,73,1
7,4,3,302,298,292,-1
7,4,3,169,177,183,1
7,3,3,224,228,243,-1
8,4,3,185,181,199,-1
8,4,3,147,153,162,1
8,3,3,28,32,11,1
8,4,3,247,251,171,-1
8,4,3,19,11,7,1
8,3,3,285,289,274,-1
8,4,3,254,262,321,1
8,3,3,238,234,27,1
8,4,3,180,186,196,1
8,4,3,75,83,337,-1
8,4,3,274,278,205,-1
8,3,3,23,29,155,-1
8,3,3,122,114,295,1
8,3,3,246,242,326,-1
8,3,3,247,255,259,-1
8,3,3,272,264,173,-1
8,4,3,48,40,36,1
8,4,3,198,194,215,1
8,3,3,33,27,17,1
8,3,3,296,290,278,-1
8,3,3,350,356,93,-1
8,4,3,338,332,90,1
8,3,3,122,130,139,1
8,4,3,179,173,5,-1
8,4,3,92,96,106,1
8,4,3,97,101,107,-1
8,3,3,46,52,34,-1
8,4,3,311,319,135,-1
8,3,3,194,200,25,1
8,3,3,74,66,2,-1
8,3,3,342,338,88,-1
8,3,3,149,141,161,1
8,3,3,20,12,136,-1
8,3,3,168,160,182,1
8,3,3,328,324,314,1
8,4,3,174,168,190,-1
8,3,3,296,302,279,-1
8,3,3,29,35,288,-1
8,4,3,51,59,41,-1
8,4,3,265,259,162,-1
8,3,3,201,197,20,1
8,4,3,329,337,314,-1
8,4,3,232,226,242,1
8,4,3,124,128,321,1
8,4,3,341,349,239,1
8,4,3,39,33,292,1
8,4,3,235,239,148,-1
8,3,3,340,336,326,-1
8,3,3,201,209,16,1
8,4,3,38,44,234,1
8,4,3,296,300,279,-1
8,3,3,333,337,44,-1
8,3,3,5,13,346,1
8,3,3,126,132,139,1
8,4,3,321,325,306,-1
8,4,3,144,150,7,1
8,3,3,259,267,343,-1
8,4,3,13,7,358,-1
8,4,3,284,278,273,1
8,4,3,98,90,109,1
8,3,3,178,172,356,-1
8,4,3,10,6,145,-1
8,3,3,105,111,122,1
8,3,3,61,69,46,-1
8,3,3,169,173,291,1
8,4,3,239,231,22,-1
8,4,3,15,7,135,1
8,4,3,191,187,32,1
8,3,3,199,195,214,1
8,4,3,155,147,165,-1
8,3,3,239,235,256,-1
8,3,3,267,261,44,-1
8,4,3,132,140,145,1
8,3,3,356,348,344,1
8,3,3,152,156,165,1
8,4,3,286,278,23,1
8,3,3,156,160,167,1
8,3,3,88,82,8,-1
8,3,3,308,302,22,1
8,4,3,245,241,53,1
8,3,3,292,296,96,-1
8,3,3,121,115,139,1
8,3,3,20,12,8,1
8,4,3,325,331,50,-1
8,3,3,212,220,139,1
8,4,3,0,6,350,1
8,4,3,160,168,179,-1
8,3,3,146,140,165,1
8,4,3,311,307,296,1
8,4,3,9,5,358,1
8,4,3,265,271,159,1
8,4,3,328,334,315,-1
8,4,3,264,256,78,-1
8,4,3,295,291,70,1
8,3,3,159,163,55,1
8,3,3,125,133,53,1
1,4,3,321,325,334,-1
1,4,3,147,141,135,1
1,4,3,197,205,182,-1
1,3,3,309,301,329,1
1,4,3,228,236,215,-1
1,3,3,244,250,231,-1
1,4,3,282,276,299,1
1,3,3,197,193,180,-1
1,4,3,283,277,296,1
1,3,3,69,75,81,1
1,3,3,268,264,257,-1
1,4,3,26,30,46,-1
1,3,3,188,194,172,-1
1,3,3,112,104,96,1
1,3,3,331,323,347,1
1,4,3,266,258,252,1
1,3,3,32,40,50,-1
1,4,3,333,339,344,-1
1,4,3,354,350,6,1
1,3,3,158,152,148,1
1,3,3,123,117,112,1
1,4,3,309,305,325,1
1,3,3,158,162,142,-1
1,3,3,198,202,187,-1
1,4,3,280,286,292,-1
1,3,3,346,354,0,-1
1,4,3,234,226,221,-1
1,3,3,113,105,94,1
1,3,3,226,218,214,1
1,4,3,16,24,33,-1
1,3,3,276,270,295,1
1,3,3,307,311,319,-1
1,4,3,260,266,241,-1
1,4,3,290,298,305,-1
1,3,3,25,29,41,1
1,4,3,220,216,204,1
1,3,3,34,28,50,-1
1,4,3,107,113,94,-1
1,4,3,171,167,153,1
1,3,3,65,61,77,1
1,4,3,285,277,295,1
1,3,3,5,11,17,-1
1,3,3,133,141,118,1
1,3,3,324,320,336,1
1,4,3,188,192,171,-1
1,4,3,248,242,235,1
1,4,3,216,210,201,1
1,3,3,197,205,177,-1
1,3,3,43,49,57,-1
1,4,3,338,330,352,1
1,4,3,113,117,98,1
1,3,3,273,281,289,-1
2,3,3,173,179,156,-1
2,3,3,162,158,146,1
2,4,3,214,222,196,-1
2,3,3,286,278,300,-1
2,4,3,126,134,109,1
2,3,3,112,108,94,1
2,4,3,289,283,300,1
2,4,3,51,45,62,-1
2,3,3,240,246,223,-1
2,4,3,331,335,348,-1
2,4,3,301,305,317,1
2,3,3,322,314,339,1
2,3,3,185,189,167,-1
2,4,3,283,279,293,-1
2,4,3,10,16,23,-1
2,4,3,216,208,199,1
2,3,3,207,211,196,-1
2,4,3,342,338,2,-1
2,3,3,156,150,145,1
2,4,3,168,160,154,1
2,3,3,1,9,16,-1
2,3,3,130,124,112,1
2,4,3,271,277,290,-1
2,3,3,310,318,328,-1
2,3,3,46,40,60,-1
2,4,3,4,12,22,1
2,3,3,191,183,173,-1
2,4,3,206,202,193,-1
2,3,3,273,277,288,-1
2,4,3,259,265,242,-1
2,3,3,145,137,132,1
2,4,3,125,121,110,1
2,4,3,262,268,246,-1
2,3,3,319,313,335,-1
2,4,3,57,65,74,-1
2,3,3,27,31,40,-1
2,3,3,124,118,112,-1
2,3,3,46,40,60,1
2,4,3,4,12,22,1
2,3,3,191,183,173,-1
2,4,3,206,202,193,-1
2,3,3,273,277,288,1
2,4,3,259,265,242,-1
2,3,3,145,137,132,1
2,4,3,125,121,110,1
2,4,3,262,268,246,-1
2,3,3,319,313,335,1
2,4,3,57,65,74,-1
2,3,3,27,31,40,-1
2,3,3,124,118,112,-1
3,4,3,125,133,110,-1
3,4,3,318,326,334,-1
3,4,3,39,43,57,1
3,3,3,270,276,251,-1
3,3,3,50,42,68,1
3,4,3,37,31,50,1
3,3,3,57,49,74,-1
3,3,3,184,180,171,1
3,3,3,207,213,196,-1
3,4,3,290,284,308,1
3,3,3,195,191,176,-1
3,4,3,55,59,66,-1
3,4,3,114,122,101,-1
3,3,3,55,63,69,-1
3,3,3,16,24,34,-1
3,4,3,46,42,57,-1
3,4,3,328,334,345,-1
3,4,3,218,210,202,1
3,3,3,245,249,232,-1
3,4,3,65,71,77,-1
3,3,3,269,273,254,-1
3,3,3,240,234,223,1
3,4,3,359,355,12,-1
3,4,3,222,214,212,1
3,3,3,188,182,176,1
3,4,3,301,309,311,-1
3,4,3,156,162,139,1
3,4,3,128,124,111,1
3,3,3,207,199,192,-1
3,3,3,51,45,65,1
3,3,3,294,298,304,-1
3,4,3,176,172,158,1
3,4,3,210,216,194,-1
3,3,3,280,284,300,-1
3,3,3,12,6,26,1
3,4,3,324,332,342,-1
3,3,3,116,108,97,1
3,4,3,179,171,163,-1
3,3,3,320,316,335,1
3,4,3,329,321,341,1
3,4,3,168,172,153,1
3,4,3,168,162,149,1
3,3,3,205,213,192,-1
3,4,3,231,225,214,1
3,3,3,277,283,292,-1
3,3,3,327,323,341,1
3,3,3,261,269,244,-1
3,4,3,139,143,121,-1
3,3,3,28,34,41,1
3,4,3,350,342,4,1
4,4,3,352,356,8,-1
4,4,3,190,198,171,1
4,3,3,13,5,30,1
4,3,3,155,151,141,1
4,3,3,173,179,159,-1
4,4,3,230,238,212,-1
4,4,3,325,329,343,-1
4,4,3,36,30,46,0
4,4,3,119,113,107,1
4,4,3,53,47,63,-1
4,3,3,123,129,106,-1
4,3,3,74,66,89,1
4,3,3,232,228,214,-1
4,3,3,152,156,141,1
4,4,3,337,343,355,1
4,3,3,106,110,95,-1
4,4,3,280,276,292,1
4,4,3,267,259,247,0
4,4,3,333,329,350,1
4,3,3,106,100,92,1
4,4,3,18,24,28,-1
4,3,3,70,78,83,-1
4,4,3,250,242,232,-1
4,3,3,109,103,96,1
4,3,3,61,69,72,-1
4,4,3,28,36,46,-1
4,3,3,288,282,305,1
4,4,3,231,237,221,1
4,4,3,117,123,98,0
4,4,3,239,235,228,1
4,3,3,72,66,87,-1
4,3,3,297,301,314,-1
4,4,3,134,130,115,1
4,3,3,146,138,129,1
4,3,3,144,138,132,-1
4,4,3,348,356,4,1
4,3,3,67,71,84,-1
4,3,3,242,234,226,1
4,3,3,230,238,214,-1
4,4,3,354,346,13,1
4,4,3,210,214,191,1
4,4,3,109,113,98,1
4,4,3,229,223,218,1
4,3,3,262,270,251,-1
4,4,3,212,206,199,1
4,3,3,5,1,22,1
4,3,3,29,35,43,-1
4,3,3,349,345,6,1
4,4,3,27,19,42,-1
4,3,3,64,70,81,-1
5,4,3,17,21,35,-1
5,4,3,327,321,344,1
5,3,3,328,320,342,1
5,3,3,110,116,91,-1
5,4,3,326,320,342,1
5,3,3,280,272,299,1
5,4,3,346,350,357,-1
5,4,3,155,163,142,-1
5,3,3,250,246,236,-1
5,3,3,121,127,101,-1
5,3,3,129,125,116,1
5,4,3,244,252,233,-1
5,4,3,21,27,41,-1
5,4,3,270,266,284,-1
5,4,3,352,348,6,1
5,3,3,137,131,124,1
5,4,3,60,66,71,-1
5,4,3,190,182,173,1
5,3,3,244,248,224,-1
5,3,3,166,160,152,1
5,3,3,64,72,77,-1
5,4,3,148,140,137,1
5,3,3,311,319,327,-1
5,3,3,125,129,106,-1
5,3,3,290,294,307,-1
5,4,3,9,17,28,-1
5,4,3,245,241,232,1
5,4,3,215,221,201,1
5,3,3,276,280,294,1
5,4,3,125,131,111,1
5,3,3,38,32,52,1
5,4,3,304,312,321,1
5,3,3,135,127,120,1
5,4,3,210,206,193,-1
5,3,3,218,210,208,1
5,3,3,336,330,349,1
5,4,3,105,99,90,1
5,3,3,320,316,332,1
5,4,3,220,214,202,1
5,4,3,336,328,352,1
5,3,3,317,323,328,-1
5,3,3,52,58,65,-1
5,3,3,191,199,172,1
5,4,3,227,231,216,1
5,4,3,136,140,124,1
5,3,3,207,215,195,-1
5,3,3,27,23,37,-1
5,4,3,352,344,2,1
6,3,3,346,338,4,-1
6,4,3,321,315,339,-1
6,3,3,52,44,65,1
6,4,3,145,153,130,1
6,4,3,329,333,344,-1
6,4,3,347,351,1,-1
6,4,3,35,29,46,-1
6,3,3,124,130,105,-1
6,3,3,105,111,94,-1
6,4,3,180,188,167,1
6,3,3,133,129,123,-1
6,3,3,156,152,143,1
6,4,3,333,339,348,-1
6,4,3,349,345,7,1
6,3,3,288,296,307,-1
6,4,3,291,297,302,-1
6,4,3,197,189,186,1
6,3,3,148,142,137,1
6,3,3,4,12,16,-1
6,4,3,309,305,327,1
6,4,3,106,98,92,1
6,3,3,234,238,218,-1
6,3,3,109,113,97,-1
6,3,3,233,227,217,-1
6,3,3,168,160,157,1
6,4,3,344,352,359,1
6,4,3,123,129,112,1
6,4,3,278,286,292,1
6,3,3,155,147,145,1
6,3,3,312,316,328,-1
6,3,3,274,268,287,1
6,4,3,224,230,212,-1
6,4,3,161,157,142,1
6,4,3,126,122,111,1
6,3,3,62,66,77,-1
6,3,3,28,22,42,-1
6,4,3,347,353,359,-1
6,3,3,139,147,127,-1
6,4,3,218,212,199,1
6,4,3,275,267,293,1
6,3,3,132,140,121,-1
6,3,3,283,279,293,1
6,4,3,158,152,147,-1
6,3,3,288,294,302,1
6,4,3,198,202,178,1
6,4,3,245,249,231,-1
6,4,3,338,330,351,-1
6,3,3,9,15,23,-1
6,3,3,301,297,315,1
7,3,3,354,346,9,-1
7,4,3,67,71,82,-1
7,3,3,333,325,347,1
7,4,3,15,9,34,-1
7,3,3,196,202,184,1
7,4,3,219,227,200,0
7,3,3,104,110,93,-1
7,3,3,267,263,248,-1
7,4,3,7,11,19,-1
7,3,3,71,77,83,1
7,4,3,53,47,72,-1
7,4,3,223,231,205,-1
7,3,3,160,156,141,1
7,3,3,215,209,203,1
7,3,3,110,114,95,1
7,4,3,278,284,292,-1
7,3,3,304,312,323,-1
7,4,3,229,221,217,1
7,4,3,255,247,244,1
7,4,3,287,293,300,-1
7,4,3,271,267,283,1
7,3,3,188,182,170,1
7,3,3,105,109,92,1
7,4,3,298,294,311,1
7,3,3,30,38,48,-1
7,4,3,144,140,131,1
7,4,3,213,219,196,1
7,4,3,158,164,143,1
7,3,3,59,53,75,1
7,3,3,170,162,159,1
7,4,3,325,333,338,-1
7,3,3,292,286,307,1
7,4,3,337,345,354,-1
7,4,3,216,212,198,1
7,3,3,318,322,328,-1
7,3,3,346,350,4,-1
7,3,3,192,184,180,1
7,4,3,100,94,90,-1
7,4,3,241,235,228,1
7,3,3,169,177,150,1
7,3,3,58,64,78,-1
7,3,3,314,310,328,-1
7,3,3,316,312,331,-1
7,4,3,280,272,292,1
7,3,3,14,20,29,-1
7,4,3,167,171,156,1
7,4,3,234,238,223,-1
7,3,3,256,264,239,-1
7,4,3,66,58,81,-1
8,4,3,282,286,301,1
8,3,3,148,154,132,1
8,3,3,199,195,188,1
8,3,3,151,147,139,1
8,3,3,243,249,226,-1
8,4,3,21,25,31,1
8,4,3,210,218,191,-1
8,3,3,348,340,6,1
8,4,3,354,348,4,-1
8,3,3,69,61,86,1
8,4,3,23,17,39,1
8,4,3,124,132,108,1
8,4,3,146,138,133,-1
8,3,3,192,196,176,1
8,4,3,270,262,255,0
8,4,3,28,34,45,-1
8,3,3,208,202,188,1
8,4,3,289,285,307,-1
8,4,3,284,290,299,-1
8,3,3,251,255,236,1
8,3,3,255,249,242,-1
8,3,3,5,13,23,-1
8,4,3,64,60,81,-1
8,3,3,4,12,14,-1
8,3,3,57,51,76,1
8,3,3,291,295,310,-1
8,3,3,221,213,202,1
8,4,3,163,169,148,1
8,3,3,242,234,223,1
8,3,3,347,351,6,1
8,4,3,268,264,254,-1
8,4,3,134,130,117,1
8,4,3,329,337,348,-1
8,4,3,18,26,36,1
8,4,3,224,230,213,-1
8,3,3,56,50,75,1
8,3,3,276,282,289,1
8,4,3,280,272,296,1
8,3,3,73,69,88,-1
8,4,3,158,152,141,-1
8,3,3,27,33,37,1
8,3,3,201,209,190,-1
8,4,3,159,163,146,-1
8,4,3,214,208,198,-1
8,4,3,187,191,168,1
8,4,3,297,289,314,1
8,3,3,120,128,105,1
8,3,3,336,332,347,-1
